5064,21.112008,-101.688216
5065,21.145457,-101.645839
5066,21.068814,-101.638751
5067,21.14546,-101.64574
5068,21.135372,-101.718016
5069,21.106748,-101.711731
5070,21.099513,-101.606101
5071,21.14202,-101.63311
5072,21.171693,-101.737846
5073,21.169479,-101.737404
5074,21.120098,-101.626724
5075,21.144806,-101.658857
5076,21.146038,-101.666372
5077,21.14627,-101.668294
5078,21.146656,-101.67121
5084,21.182097,-101.666393
5085,21.163911,-101.69281
5086,21.107587,-101.586373
5087,21.124444,-101.619941
5088,21.124007,-101.61981
5089,21.124764,-101.626853
5090,21.10838,-101.591289
5093,21.126241,-101.634922
5094,21.125904,-101.635144
5095,21.140348,-101.750767
5096,21.079256,-101.644099
5097,21.101136,-101.678368
5098,21.079031,-101.643515
5099,21.077111,-101.641595
5100,21.062244,-101.62283
5101,21.104996,-101.574341
5102,21.105214,-101.574189
5109,21.10545,-101.700454
5110,21.195185,-101.667267
5111,21.187931,-101.664286
5112,21.079831,-101.756138
5113,21.079084,-101.756431
5114,21.16711,-101.667933
5115,21.184425,-101.666966
5116,21.128086,-101.661841
5117,21.131499,-101.676649
5118,21.130799,-101.674902
5119,21.129959,-101.67269
5120,21.129176,-101.669841
5121,21.128479,-101.665125
5122,21.169698,-101.697587
5123,21.082532,-101.625648
5124,21.210445,-101.682227
5125,21.210668,-101.683602
5126,21.059927,-101.611556
5127,21.059846,-101.61164
5128,21.060703,-101.615319
5130,21.071523,-101.629951
5131,21.072322,-101.631382
5132,21.074074,-101.630943
5133,21.075944,-101.630466
5134,21.076614,-101.63234
5135,21.063644,-101.627714
5136,21.064469,-101.630534
5137,21.063999,-101.629112
5138,21.065095,-101.632022
5139,21.06503,-101.632292
5140,21.066843,-101.633025
5141,21.066397,-101.633014
5142,21.069283,-101.632421
5144,21.081925,-101.633377
5145,21.079665,-101.632518
5146,21.076626,-101.634043
5147,21.076151,-101.632626
5148,21.070303,-101.634186
5149,21.072775,-101.63353
5150,21.074387,-101.633086
5151,21.0745,-101.634134
5152,21.072252,-101.634627
5153,21.07009,-101.635089
5154,21.083318,-101.635734
5155,21.084657,-101.636789
5156,21.080964,-101.636504
5157,21.163852,-101.663865
5158,21.187063,-101.670565
5159,21.181431,-101.704364
5160,21.139751,-101.745092
5161,21.114864,-101.634358
5162,21.120697,-101.657052
5163,21.165821,-101.673557
5164,21.165036,-101.672494
5165,21.164855,-101.67199
5166,21.166001,-101.673583
5167,21.109909,-101.593523
5168,21.111454,-101.592235
5169,21.111481,-101.592408
5171,21.115793,-101.63448
5172,21.128333,-101.718102
5173,21.126507,-101.718894
5174,21.123946,-101.720353
5175,21.122187,-101.721342
5179,21.077603,-101.604807
5180,21.146966,-101.765113
5181,21.146596,-101.763404
5182,21.148257,-101.762573
5183,21.149834,-101.761718
5184,21.149829,-101.760434
5185,21.148753,-101.758207
5186,21.147871,-101.756373
5187,21.148208,-101.756934
5188,21.148975,-101.758442
5189,21.149948,-101.760588
5190,21.165403,-101.66252
5191,21.167873,-101.660573
5192,21.170244,-101.658366
5193,21.169969,-101.659084
5194,21.16623,-101.662434
5195,21.119716,-101.729691
5196,21.118286,-101.729803
5197,21.116457,-101.729395
5198,21.114548,-101.728325
5199,21.112496,-101.727716
5200,21.112,-101.727659
5201,21.11418,-101.728045
5202,21.115936,-101.728994
5203,21.117713,-101.729685
5204,21.119767,-101.72954
5217,21.09082,-101.629197
5218,21.08851,-101.633473
5219,21.087514,-101.635404
5220,21.084919,-101.637203
5221,21.090146,-101.627887
5222,21.08916,-101.625697
5223,21.087964,-101.623309
5224,21.116802,-101.700293
5225,21.140123,-101.763926
5226,21.149057,-101.639566
5227,21.149337,-101.640849
5228,21.087478,-101.632495
5229,21.088257,-101.630988
5230,21.089243,-101.628984
5231,21.162267,-101.733455
5232,21.164654,-101.734541
5233,21.111464,-101.692544
5234,21.069263,-101.629184
5235,21.066231,-101.631126
5238,21.067368,-101.630257
5239,21.068667,-101.629423
5241,21.064815,-101.627956
5242,21.06797,-101.629989
5243,21.08205,-101.644007
5244,21.148656,-101.762498
5246,21.098412,-101.59184
5247,21.098413,-101.591526
5248,21.100366,-101.596258
5249,21.100485,-101.596301
5250,21.067283,-101.624108
5251,21.093693,-101.584205
5252,21.092789,-101.582699
5253,21.095809,-101.587277
5254,21.112824,-101.695134
5255,21.076787,-101.604203
5256,21.093906,-101.580053
5257,21.095032,-101.578229
5258,21.096029,-101.576745
5260,21.097103,-101.589668
5263,21.09693,-101.589135
5264,21.146361,-101.70937
5265,21.146552,-101.708843
5266,21.188409,-101.670483
5267,21.190028,-101.670317
5268,21.191656,-101.669627
5269,21.191553,-101.669848
5270,21.189927,-101.670442
5271,21.188489,-101.670645
5272,21.145808,-101.668347
5273,21.091785,-101.665082
5274,21.092195,-101.666974
5275,21.090532,-101.668585
5276,21.114829,-101.709984
5278,21.129101,-101.636983
5279,21.09888,-101.671178
5280,21.096108,-101.67101
5281,21.094983,-101.673179
5282,21.094885,-101.672984
5283,21.095864,-101.671096
5284,21.094022,-101.671237
5285,21.092014,-101.67222
5286,21.092216,-101.672012
5287,21.093763,-101.671248
5288,21.095378,-101.670666
5289,21.098935,-101.670953
5290,21.142882,-101.672947
5291,21.114988,-101.55592
5293,21.11501,-101.553868
5298,21.095944,-101.587837
5299,21.098451,-101.585573
5300,21.100232,-101.58431
5301,21.103201,-101.582508
5302,21.105809,-101.580758
5306,21.09994,-101.584889
5307,21.101532,-101.583436
5308,21.09761,-101.586487
5309,21.096122,-101.587495
5310,21.090359,-101.594093
5311,21.090504,-101.59538
5312,21.091661,-101.596749
5313,21.091421,-101.596635
5319,21.167447,-101.653602
5321,21.130698,-101.745636
5322,21.129201,-101.745809
5323,21.129056,-101.747288
5324,21.134342,-101.690728
5325,21.076422,-101.644693
5326,21.105519,-101.576528
5327,21.105592,-101.57648
5328,21.15894,-101.732195
5329,21.159184,-101.732441
5330,21.188337,-101.65809
5331,21.18836,-101.657696
5332,21.189118,-101.659373
5333,21.190049,-101.66141
5334,21.197231,-101.668753
5339,21.187057,-101.705751
5340,21.186278,-101.70544
5341,21.095657,-101.601686
5342,21.154641,-101.628124
5343,21.15451,-101.62781
5344,21.160978,-101.63314
5345,21.093027,-101.59853
5346,21.093733,-101.599376
5347,21.094412,-101.600188
5348,21.141622,-101.634758
5349,21.096128,-101.679465
5350,21.095815,-101.679206
5351,21.107009,-101.730483
5352,21.193207,-101.668938
5353,21.19311,-101.669091
5354,21.147581,-101.730153
5355,21.140695,-101.733419
5357,21.142326,-101.731716
5358,21.143853,-101.731894
5359,21.142242,-101.732486
5360,21.14132,-101.732948
5361,21.141985,-101.732391
5362,21.153724,-101.653445
5363,21.128544,-101.721217
5364,21.129312,-101.722249
5365,21.095635,-101.674953
5366,21.096451,-101.675508
5367,21.145607,-101.705323
5368,21.071455,-101.636675
5369,21.089562,-101.738744
5393,21.144264,-101.655563
5394,21.148024,-101.68763
5395,21.131179,-101.69154
5396,21.10687,-101.658784
5397,21.104214,-101.642455
5398,21.081393,-101.654263
5399,21.091797,-101.592966
5401,21.198374,-101.678567
5402,21.08644,-101.634554
5403,21.108011,-101.72608
5404,21.063029,-101.6853
5405,21.071804,-101.682662
5406,21.097545,-101.588984
5407,21.112007,-101.558603
5408,21.112896,-101.558909
5409,21.113348,-101.557676
5410,21.113196,-101.557572
5411,21.107543,-101.628694
5412,21.125398,-101.693603
5413,21.102111,-101.678993
5414,21.152905,-101.623402
5415,21.098858,-101.614357
5416,21.137507,-101.744102
5417,21.06712,-101.624065
5419,21.120977,-101.694664
5420,21.11724,-101.585697
5421,21.117943,-101.584561
5422,21.117867,-101.588018
5423,21.119427,-101.585701
5428,21.157232,-101.65132
5429,21.121458,-101.685672
5430,21.122391,-101.641068
5431,21.123867,-101.640329
5432,21.125559,-101.639487
5433,21.119855,-101.716469
5434,21.061694,-101.574046
5437,21.150077,-101.689827
5438,21.170987,-101.698048
5439,21.07421,-101.645087
5440,21.117758,-101.608327
5441,21.089998,-101.762595
5442,21.106805,-101.623473
5443,21.094285,-101.628432
5444,21.100373,-101.6246
5445,21.123826,-101.627903
5446,21.128572,-101.627934
5447,21.135402,-101.630921
5448,21.104218,-101.62312
5449,21.124369,-101.601751
5450,21.122164,-101.72103
5451,21.182579,-101.67456
5452,21.184011,-101.674675
5453,21.18013,-101.674546
5454,21.174365,-101.674414
5455,21.199377,-101.678351
5456,21.201057,-101.677972
5457,21.197844,-101.678726
5458,21.127485,-101.651224
5459,21.153074,-101.684327
5460,21.130864,-101.650407
5461,21.122822,-101.661727
5462,21.133363,-101.649798
5463,21.136598,-101.649008
5464,21.141603,-101.725441
5465,21.105817,-101.690264
5466,21.086852,-101.623854
5469,21.154262,-101.632612
5471,21.100892,-101.613291
5472,21.162516,-101.683744
5473,21.093812,-101.651137
5474,21.168454,-101.685546
5475,21.083938,-101.638527
5476,21.083222,-101.639569
5478,21.120281,-101.584415
5479,21.101105,-101.604973
5480,21.104062,-101.606724
5481,21.109513,-101.602943
5482,21.097668,-101.636608
5483,21.113442,-101.687372
5484,21.127322,-101.637923
5486,21.070695,-101.71793
5487,21.071716,-101.717787
5488,21.155318,-101.671345
5489,21.107325,-101.655059
5490,21.138557,-101.718307
5491,21.142175,-101.718697
5492,21.126746,-101.62839
5493,21.140783,-101.632335
5494,21.14059,-101.718735
5495,21.109642,-101.654237
5496,21.124765,-101.713993
5498,21.082464,-101.628534
5499,21.122325,-101.715041
5500,21.077301,-101.634411
5501,21.184236,-101.66401
5502,21.133278,-101.691245
5503,21.138295,-101.689482
5504,21.15329,-101.713479
5506,21.153044,-101.736522
5507,21.155713,-101.736764
5509,21.136681,-101.689959
5510,21.110221,-101.690945
5511,21.111959,-101.687952
5512,21.100324,-101.65414
5513,21.143269,-101.690208
5514,21.103513,-101.655726
5515,21.152363,-101.689017
5516,21.16889,-101.664039
5517,21.115055,-101.603669
5518,21.116816,-101.602088
5519,21.120319,-101.599022
5520,21.121894,-101.597919
5521,21.123893,-101.596537
5522,21.119435,-101.599647
5523,21.145285,-101.609083
5524,21.146823,-101.607947
5525,21.148007,-101.607621
5526,21.145402,-101.615312
5528,21.129824,-101.759501
5529,21.130824,-101.758744
5530,21.131724,-101.758054
5531,21.133029,-101.757078
5532,21.135852,-101.745329
5533,21.132239,-101.745614
5534,21.13083,-101.745583
5535,21.134298,-101.745018
5536,21.155762,-101.644933
5537,21.116908,-101.708341
5539,21.118395,-101.63322
5540,21.129048,-101.636868
5543,21.080975,-101.630899
5544,21.151106,-101.736361
5545,21.098024,-101.65464
5546,21.137038,-101.631364
5547,21.115087,-101.554903
5548,21.114994,-101.552862
5549,21.115039,-101.550292
5550,21.115044,-101.551189
5551,21.085308,-101.745282
5552,21.120585,-101.656886
5554,21.117432,-101.726339
5555,21.138926,-101.761044
5556,21.153862,-101.702689
5557,21.110457,-101.674222
5558,21.139828,-101.632654
5559,21.148065,-101.704042
5560,21.090087,-101.619112
5561,21.18163,-101.704662
5563,21.101063,-101.675309
5564,21.072331,-101.612122
5565,21.074507,-101.614951
5566,21.096035,-101.63097
5567,21.097451,-101.638928
5568,21.126931,-101.629601
5569,21.146128,-101.700892
5570,21.102359,-101.613455
5571,21.173639,-101.668276
5572,21.173598,-101.670546
5573,21.060005,-101.617741
5574,21.060126,-101.617572
5575,21.068267,-101.593811
5576,21.066172,-101.59116
5577,21.087377,-101.619125
5578,21.085709,-101.617625
5579,21.085929,-101.617625
5580,21.080248,-101.611468
5581,21.080146,-101.611549
5582,21.148662,-101.680347
5583,21.150521,-101.679778
5584,21.150892,-101.68095
5585,21.15144,-101.682446
5586,21.149619,-101.682926
5587,21.149972,-101.684348
5588,21.063937,-101.626012
5589,21.065504,-101.625067
5590,21.087871,-101.619471
5605,21.161339,-101.692232
5606,21.174777,-101.698761
5607,21.174403,-101.698894
5608,21.163715,-101.693064
5609,21.078679,-101.60982
5610,21.078773,-101.609715
5611,21.077128,-101.648701
5612,21.080203,-101.651019
5613,21.13966,-101.666096
5614,21.109521,-101.65439
5615,21.107674,-101.65506
5616,21.175796,-101.654063
5617,21.10478,-101.623563
5622,21.086091,-101.615259
5623,21.095293,-101.590561
5624,21.108971,-101.727791
5625,21.106687,-101.727746
5626,21.107564,-101.727628
5627,21.104843,-101.727737
5628,21.103883,-101.727663
5629,21.10671,-101.724359
5630,21.107017,-101.629921
5637,21.112137,-101.63149
5638,21.135861,-101.675449
5639,21.077243,-101.752228
5640,21.088534,-101.762799
5641,21.088445,-101.763042
5642,21.169755,-101.687139
5644,21.121591,-101.65973
5645,21.107391,-101.710937
5646,21.138016,-101.701566
5647,21.122653,-101.706782
5649,21.186459,-101.647291
5650,21.104273,-101.730676
5651,21.143538,-101.653676
5652,21.135335,-101.720284
5653,21.170279,-101.680447
5654,21.135976,-101.631691
5655,21.102747,-101.729684
5656,21.11986,-101.731392
5657,21.11173,-101.619215
5659,21.113372,-101.634792
5660,21.109387,-101.730028
5661,21.10815,-101.723301
5662,21.109516,-101.723676
5663,21.109097,-101.723717
5674,21.171448,-101.756983
5677,21.109937,-101.725783
5678,21.109802,-101.725746
5679,21.108638,-101.726184
5680,21.103381,-101.728431
5681,21.104547,-101.648231
5682,21.098952,-101.646695
5683,21.092437,-101.647528
5684,21.077161,-101.680987
5687,21.159062,-101.733668
5690,21.145353,-101.727176
5691,21.142364,-101.726004
5692,21.169447,-101.639965
5693,21.173654,-101.642714
5694,21.172923,-101.643476
5697,21.069427,-101.632293
5698,21.068936,-101.632284
5700,21.113316,-101.696763
5701,21.112449,-101.698602
5709,21.076402,-101.631882
5710,21.075034,-101.630872
5711,21.070955,-101.631944
5712,21.068898,-101.625385
5713,21.070504,-101.628165
5715,21.073107,-101.637791
5717,21.074042,-101.639495
5718,21.07663,-101.639429
5719,21.075562,-101.63961
5721,21.081721,-101.634272
5722,21.090668,-101.628688
5723,21.092098,-101.629315
5724,21.077883,-101.639191
5725,21.078765,-101.641815
5726,21.080589,-101.640094
5727,21.081417,-101.640462
5728,21.082836,-101.641762
5729,21.079178,-101.640017
5730,21.030567,-101.706342
5731,21.030583,-101.708408
5732,21.032191,-101.709087
5733,21.032074,-101.706631
5734,21.032028,-101.704242
5736,21.032161,-101.702703
5737,21.032257,-101.704783
5738,21.032198,-101.706815
5739,21.032341,-101.709093
5740,21.030407,-101.708622
5741,21.030397,-101.706467
5742,21.073498,-101.63963
5743,21.0817,-101.63502
5744,21.161892,-101.668656
5745,21.16017,-101.669529
5746,21.158504,-101.67039
5747,21.155767,-101.671805
5749,21.152792,-101.684644
5751,21.146514,-101.613818
5753,21.153275,-101.672301
5754,21.156661,-101.670661
5755,21.158539,-101.669671
5756,21.161233,-101.668293
5757,21.163614,-101.667038
5768,21.15301,-101.67605
5769,21.063735,-101.586602
5770,21.065367,-101.586118
5771,21.067599,-101.585045
5772,21.069277,-101.584196
5773,21.068223,-101.587858
5774,21.066014,-101.589016
5775,21.083627,-101.615369
5776,21.08425,-101.6159
5777,21.071,-101.58597
5779,21.111227,-101.730346
5780,21.113591,-101.73049
5781,21.108359,-101.730419
5782,21.105347,-101.730944
5783,21.092706,-101.76224
5784,21.11686,-101.731854
5785,21.103041,-101.73035
5786,21.082393,-101.748029
5787,21.096825,-101.67
5788,21.115283,-101.731447
5789,21.118638,-101.731717
5790,21.120559,-101.731471
5791,21.10446,-101.727304
5792,21.106504,-101.724929
5793,21.136562,-101.723785
5794,21.120107,-101.71652
5795,21.066265,-101.684746
5796,21.073394,-101.682581
5798,21.086967,-101.665801
5800,21.089503,-101.665197
5801,21.093566,-101.664183
5802,21.097127,-101.670163
5803,21.083042,-101.650105
5804,21.08513,-101.649554
5805,21.128599,-101.667389
5806,21.09655,-101.663686
5807,21.097732,-101.650291
5808,21.095945,-101.647126
5809,21.094679,-101.651078
5811,21.089232,-101.648333
5812,21.087106,-101.679775
5813,21.122853,-101.628073
5815,21.154711,-101.63425
5816,21.135388,-101.745333
5818,21.142466,-101.654035
5819,21.099248,-101.649899
5820,21.072602,-101.631476
5822,21.170206,-101.639685
5823,21.097416,-101.636842
5824,21.097462,-101.626746
5825,21.105646,-101.670078
5826,21.089113,-101.620722
5828,21.091581,-101.618805
5829,21.11155,-101.711399
5830,21.116303,-101.709041
5831,21.117708,-101.708312
5832,21.114906,-101.709769
5833,21.075612,-101.618236
5834,21.072514,-101.620892
5835,21.094349,-101.641875
5837,21.124883,-101.706155
5838,21.120886,-101.707386
5839,21.111737,-101.654333
5840,21.08064,-101.657561
5841,21.08234,-101.65512
5842,21.134572,-101.703866
5843,21.13179,-101.704514
5844,21.103217,-101.691591
5845,21.113573,-101.684367
5846,21.126166,-101.705861
5847,21.114756,-101.679978
5848,21.119515,-101.689427
5849,21.12375,-101.688338
5850,21.115368,-101.683573
5851,21.111743,-101.687785
5852,21.109967,-101.695645
5853,21.130461,-101.704835
5854,21.077881,-101.644768
5855,21.128809,-101.688172
5856,21.126469,-101.688005
5857,21.141506,-101.70253
5858,21.165115,-101.711129
5859,21.139345,-101.689785
5860,21.108491,-101.677497
5861,21.106584,-101.678045
5862,21.109975,-101.677029
5863,21.114701,-101.676888
5864,21.169199,-101.640233
5865,21.171398,-101.667166
5866,21.155233,-101.668395
5867,21.116714,-101.674618
5868,21.120127,-101.672529
5869,21.127344,-101.676251
5871,21.124406,-101.674568
5872,21.129006,-101.663064
5873,21.131464,-101.678154
5874,21.144119,-101.70196
5878,21.092402,-101.696442
5879,21.119053,-101.717908
5880,21.110174,-101.647148
5881,21.115638,-101.652851
5882,21.111185,-101.646844
5883,21.118632,-101.651408
5884,21.123177,-101.661822
5885,21.165184,-101.684673
5886,21.132133,-101.665799
5887,21.12573,-101.661271
5888,21.131949,-101.659816
5889,21.167416,-101.667941
5890,21.128595,-101.660597
5891,21.125643,-101.651796
5892,21.137928,-101.703055
5894,21.127414,-101.651388
5895,21.129267,-101.649044
5897,21.142428,-101.666257
5898,21.148109,-101.671617
5899,21.152666,-101.669496
5900,21.136401,-101.66322
5901,21.134434,-101.659169
5902,21.159018,-101.666704
5903,21.167781,-101.664387
5904,21.138466,-101.656599
5905,21.161875,-101.665022
5906,21.162579,-101.709179
5907,21.166172,-101.664397
5908,21.14868,-101.655791
5909,21.145634,-101.657219
5910,21.165052,-101.669388
5911,21.139991,-101.660949
5912,21.152014,-101.654744
5913,21.150714,-101.648564
5914,21.148266,-101.650201
5915,21.14494,-101.65247
5916,21.176744,-101.675747
5917,21.164272,-101.647979
5918,21.177078,-101.667144
5919,21.158093,-101.651066
5920,21.182265,-101.667077
5921,21.176556,-101.664365
5922,21.174494,-101.667156
5923,21.197146,-101.669267
5924,21.180435,-101.667129
5925,21.178805,-101.667134
5926,21.190434,-101.664925
5927,21.153155,-101.646919
5928,21.172659,-101.656513
5929,21.169815,-101.647316
5930,21.202346,-101.677799
5931,21.18204,-101.64992
5932,21.103451,-101.64028
5933,21.108514,-101.630425
5934,21.204331,-101.677524
5935,21.112919,-101.645892
5936,21.186001,-101.664329
5938,21.11994,-101.639066
5939,21.073371,-101.717683
5940,21.172062,-101.637755
5942,21.13906,-101.744583
5943,21.10527,-101.623707
5944,21.115831,-101.644682
5945,21.115374,-101.626196
5947,21.147728,-101.632142
5948,21.171838,-101.644069
5949,21.172359,-101.646233
5950,21.203865,-101.677412
5951,21.206407,-101.679715
5952,21.202791,-101.67565
5953,21.208201,-101.680984
5954,21.117314,-101.689967
5955,21.164806,-101.642121
5957,21.199509,-101.671895
5958,21.181578,-101.664342
5959,21.183906,-101.664338
5960,21.190811,-101.662236
5961,21.20103,-101.673643
5962,21.169175,-101.667161
5963,21.149412,-101.649432
5964,21.161735,-101.649285
5965,21.192432,-101.665839
5966,21.210462,-101.68267
5967,21.135946,-101.65819
5968,21.118752,-101.684631
5970,21.157544,-101.643963
5972,21.170499,-101.66438
5973,21.122387,-101.688731
5974,21.126117,-101.678902
5975,21.148227,-101.690686
5976,21.083143,-101.643851
5977,21.118335,-101.682317
5978,21.119458,-101.681804
5980,21.150234,-101.628981
5981,21.079829,-101.644424
5982,21.137459,-101.631968
5983,21.131796,-101.630509
5984,21.111561,-101.625161
5985,21.17514,-101.676222
5986,21.118121,-101.686117
5987,21.185343,-101.670833
5988,21.147315,-101.634584
5990,21.148454,-101.630802
5991,21.181033,-101.674703
5992,21.117337,-101.608917
5994,21.154904,-101.645738
5995,21.17872,-101.671742
5996,21.084733,-101.679656
5997,21.103465,-101.678953
5998,21.11845,-101.607784
5999,21.183545,-101.674744
6000,21.135362,-101.66159
6001,21.178764,-101.675158
6002,21.133083,-101.662207
6003,21.125644,-101.638661
6004,21.086542,-101.648005
6005,21.177837,-101.652869
6006,21.180313,-101.671546
6007,21.151895,-101.627274
6008,21.102135,-101.661916
6009,21.079301,-101.652027
6010,21.117034,-101.696019
6011,21.116276,-101.666903
6012,21.077449,-101.652123
6013,21.081599,-101.650629
6014,21.118394,-101.658517
6015,21.100398,-101.731078
6016,21.154092,-101.633994
6017,21.153235,-101.636472
6020,21.118096,-101.644092
6021,21.115437,-101.687293
6022,21.15454,-101.632734
6024,21.182345,-101.671245
6025,21.097371,-101.683938
6026,21.15352,-101.672367
6027,21.168856,-101.677709
6028,21.172483,-101.630972
6029,21.095283,-101.590807
6030,21.106484,-101.582995
6031,21.154636,-101.696037
6032,21.086471,-101.624463
6033,21.099461,-101.587856
6034,21.103422,-101.585126
6036,21.104574,-101.58431
6037,21.091792,-101.593164
6038,21.114614,-101.696709
6039,21.097321,-101.589366
6040,21.097468,-101.615631
6041,21.089515,-101.631443
6042,21.099933,-101.601778
6043,21.137175,-101.744202
6044,21.198122,-101.678755
6045,21.094158,-101.627702
6047,21.069466,-101.622783
6048,21.074865,-101.64164
6049,21.101199,-101.586667
6050,21.071169,-101.62178
6052,21.093457,-101.592045
6053,21.089099,-101.622017
6054,21.193323,-101.679532
6055,21.085925,-101.635788
6056,21.106745,-101.725953
6057,21.083173,-101.628004
6058,21.101063,-101.710148
6059,21.0772,-101.681435
6060,21.117407,-101.585843
6061,21.062965,-101.685774
6063,21.105513,-101.690577
6064,21.198481,-101.670899
6065,21.171818,-101.667159
6066,21.116331,-101.588237
6067,21.080041,-101.632604
6068,21.133838,-101.664772
6071,21.155474,-101.652641
6072,21.153934,-101.653584
6073,21.063636,-101.626342
6075,21.15207,-101.624171
6076,21.108015,-101.697609
6077,21.10623,-101.699359
6079,21.142966,-101.659149
6080,21.110811,-101.559957
6081,21.152553,-101.626603
6082,21.145388,-101.701716
6083,21.131403,-101.717255
6084,21.087283,-101.763269
6085,21.090208,-101.762792
6086,21.084244,-101.626564
6087,21.142584,-101.702244
6088,21.095572,-101.748529
6089,21.141808,-101.673878
6090,21.188989,-101.679741
6092,21.118207,-101.626869
6093,21.09403,-101.748673
6094,21.103821,-101.66975
6096,21.173554,-101.674261
6097,21.184254,-101.705174
6098,21.151473,-101.689535
6099,21.106863,-101.630044
6100,21.171159,-101.63852
6101,21.109512,-101.624636
6102,21.105525,-101.605294
6103,21.100488,-101.683335
6104,21.140172,-101.702719
6105,21.101337,-101.624799
6106,21.171091,-101.698283
6107,21.105311,-101.711834
6108,21.132912,-101.650055
6109,21.201379,-101.678021
6110,21.130519,-101.650639
6111,21.153791,-101.635004
6112,21.199024,-101.678554
6113,21.140217,-101.655466
6114,21.073976,-101.619593
6116,21.157828,-101.683799
6118,21.122516,-101.603748
6120,21.137166,-101.690476
6121,21.137241,-101.649002
6124,21.16049,-101.683526
6125,21.098553,-101.602875
6126,21.082831,-101.640348
6127,21.101257,-101.605136
6128,21.084911,-101.637332
6129,21.127369,-101.638032
6130,21.167453,-101.685384
6131,21.158811,-101.692044
6133,21.083908,-101.638759
6134,21.098515,-101.641147
6136,21.179534,-101.664332
6138,21.071834,-101.720096
6139,21.16218,-101.683841
6140,21.14015,-101.718814
6142,21.060757,-101.580857
6143,21.181295,-101.671363
6144,21.103811,-101.631175
6145,21.094714,-101.679448
6146,21.124051,-101.714268
6147,21.078363,-101.634073
6148,21.082089,-101.629618
6149,21.141477,-101.686354
6150,21.071348,-101.717957
6151,21.157295,-101.667525
6152,21.081182,-101.631083
6153,21.114794,-101.720879
6156,21.146006,-101.728209
6157,21.105541,-101.60558
6158,21.159732,-101.672563
6160,21.153389,-101.736873
6162,21.121846,-101.715451
6163,21.085124,-101.666201
6164,21.099839,-101.654414
6165,21.15156,-101.736722
6166,21.155593,-101.737049
6168,21.149685,-101.736185
6169,21.122414,-101.597911
6170,21.123999,-101.596818
6171,21.143307,-101.690381
6172,21.150207,-101.73656
6173,21.147578,-101.730369
6174,21.097981,-101.6548
6175,21.115472,-101.603707
6176,21.145521,-101.690687
6177,21.121848,-101.598327
6178,21.147,-101.607765
6179,21.147913,-101.609573
6180,21.117264,-101.602101
6181,21.153427,-101.688826
6182,21.065586,-101.625166
6183,21.118888,-101.600601
6184,21.131773,-101.74591
6185,21.131644,-101.692088
6186,21.147624,-101.607616
6187,21.118032,-101.715121
6188,21.11896,-101.584089
6189,21.111415,-101.607711
6190,21.134228,-101.691419
6191,21.133636,-101.74502
6193,21.101045,-101.654139
6194,21.124065,-101.630592
6195,21.149769,-101.735255
6196,21.229864,-101.704423
6197,21.138567,-101.719004
6198,21.119685,-101.683328
6199,21.097023,-101.651172
6200,21.097495,-101.655805
6201,21.094687,-101.659511
6202,21.086453,-101.646543
6203,21.092444,-101.648132
6204,21.098087,-101.644292
6205,21.084561,-101.643898
6206,21.095024,-101.661718
6207,21.092372,-101.62306
6208,21.066325,-101.630595
6209,21.100342,-101.632861
6210,21.096103,-101.631093
6211,21.097624,-101.646158
6212,21.097076,-101.636328
6213,21.065506,-101.589528
6214,21.084702,-101.613516
6215,21.102321,-101.613896
6217,21.090563,-101.624893
6218,21.073801,-101.614037
6219,21.100983,-101.611981
6220,21.107223,-101.582893
6221,21.123338,-101.617484
6222,21.103598,-101.662804
6223,21.092946,-101.650702
6224,21.101176,-101.597333
6225,21.118812,-101.68085
6226,21.070232,-101.595647
6227,21.114866,-101.682147
6228,21.108898,-101.592036
6229,21.105508,-101.652386
6230,21.153187,-101.637408
6231,21.119513,-101.682816
6232,21.126495,-101.662163
6234,21.115355,-101.684666
6235,21.109413,-101.594836
6236,21.118207,-101.678815
6237,21.117629,-101.677015
6238,21.103779,-101.663905
6239,21.110601,-101.671191
6240,21.074999,-101.60151
6241,21.11866,-101.67081
6242,21.073079,-101.599163
6243,21.117601,-101.663268
6244,21.124674,-101.672583
6245,21.109594,-101.667529
6246,21.134345,-101.675769
6247,21.106141,-101.655181
6248,21.117571,-101.665882
6249,21.125028,-101.66875
6250,21.083038,-101.611469
6251,21.13153,-101.644171
6253,21.131149,-101.660617
6254,21.132446,-101.67023
6255,21.11939,-101.649093
6256,21.111759,-101.630133
6257,21.135452,-101.660023
6258,21.119908,-101.651594
6259,21.119114,-101.646491
6260,21.124311,-101.663779
6261,21.120986,-101.654901
6262,21.130915,-101.658966
6263,21.112712,-101.677032
6264,21.139442,-101.665667
6265,21.136429,-101.663485
6266,21.123626,-101.658868
6267,21.138758,-101.663563
6268,21.063545,-101.587115
6269,21.114519,-101.627754
6270,21.1488,-101.659885
6271,21.130612,-101.656889
6272,21.145125,-101.66117
6273,21.137121,-101.669072
6274,21.129575,-101.651302
6275,21.155846,-101.65041
6276,21.145543,-101.664317
6277,21.130213,-101.654345
6278,21.118619,-101.643077
6279,21.104282,-101.644886
6280,21.127174,-101.639646
6281,21.15449,-101.647808
6282,21.115234,-101.629915
6283,21.103726,-101.639285
6284,21.104022,-101.641157
6285,21.081968,-101.613426
6286,21.131859,-101.645803
6287,21.112664,-101.618604
6288,21.117386,-101.637766
6289,21.143587,-101.639912
6290,21.142737,-101.636653
6291,21.118046,-101.640639
6292,21.116957,-101.63596
6293,21.148132,-101.636005
6294,21.111242,-101.673737
6295,21.113469,-101.623498
6296,21.10805,-101.588903
6297,21.116377,-101.63362
6299,21.120564,-101.685675
6300,21.11677,-101.608799
6301,21.119887,-101.683902
6302,21.152319,-101.644347
6303,21.146843,-101.61917
6304,21.150145,-101.64246
6305,21.072512,-101.644995
6306,21.148773,-101.638449
6307,21.093291,-101.652471
6308,21.122048,-101.603191
6309,21.059974,-101.582681
6310,21.10126,-101.649144
6311,21.12091,-101.601464
6312,21.078312,-101.6509
6313,21.077757,-101.648933
6314,21.093745,-101.654853
6315,21.101799,-101.651505
6316,21.106458,-101.668724
6317,21.107089,-101.670932
6318,21.10882,-101.673233
6319,21.099967,-101.609935
6320,21.094199,-101.657188
6321,21.061529,-101.577317
6322,21.104681,-101.662433
6323,21.155392,-101.628776
6325,21.151829,-101.621426
6327,21.138432,-101.672936
6328,21.097224,-101.653134
6329,21.107633,-101.585208
6330,21.103384,-101.689758
6331,21.135474,-101.721669
6332,21.100367,-101.671947
6333,21.141704,-101.719513
6334,21.104125,-101.692531
6335,21.104349,-101.705077
6336,21.104781,-101.703708
6337,21.099386,-101.720496
6338,21.105577,-101.70123
6339,21.119102,-101.606745
6341,21.096593,-101.580045
6342,21.167625,-101.716015
6343,21.09873,-101.638041
6345,21.079696,-101.648921
6347,21.077897,-101.619022
6348,21.166098,-101.718587
6349,21.08026,-101.650895
6351,21.073263,-101.635602
6352,21.070829,-101.608525
6353,21.102044,-101.712247
6355,21.102993,-101.709264
6356,21.093362,-101.687178
6357,21.101644,-101.682637
6358,21.061316,-101.618141
6359,21.086702,-101.669996
6360,21.062656,-101.624139
6361,21.09971,-101.59515
6362,21.062998,-101.625891
6363,21.061983,-101.621018
6364,21.080844,-101.659951
6365,21.154751,-101.719875
6366,21.145738,-101.648011
6367,21.164427,-101.649592
6368,21.127465,-101.718792
6370,21.092669,-101.684515
6371,21.097741,-101.604855
6372,21.091843,-101.680794
6373,21.124897,-101.622277
6374,21.099089,-101.594154
6375,21.171879,-101.658127
6377,21.095945,-101.698074
6378,21.075536,-101.616314
6379,21.155941,-101.687369
6380,21.094175,-101.690366
6381,21.083796,-101.664771
6382,21.096512,-101.700837
6383,21.116662,-101.589006
6384,21.116167,-101.587773
6385,21.092524,-101.749261
6387,21.142351,-101.668411
6388,21.123909,-101.660833
6389,21.088141,-101.672497
6390,21.169964,-101.697166
6391,21.117309,-101.706995
6392,21.096427,-101.674583
6393,21.153096,-101.699666
6394,21.077217,-101.626363
6395,21.142194,-101.634928
6396,21.093295,-101.758382
6397,21.160923,-101.663115
6398,21.16026,-101.661434
6399,21.131498,-101.664671
6400,21.144788,-101.644878
6401,21.164661,-101.642805
6402,21.147792,-101.65637
6403,21.138113,-101.728176
6404,21.112587,-101.633417
6405,21.150802,-101.667878
6406,21.146722,-101.652264
6407,21.156079,-101.640589
6408,21.18755,-101.675611
6409,21.151992,-101.62519
6410,21.093428,-101.732308
6412,21.164892,-101.64508
6413,21.186685,-101.672112
6414,21.144106,-101.642072
6415,21.078886,-101.620306
6416,21.133942,-101.674619
6417,21.127182,-101.667074
6418,21.103391,-101.606795
6419,21.106849,-101.581096
6420,21.139677,-101.666347
6421,21.125135,-101.6701
6422,21.107535,-101.660232
6423,21.092427,-101.733661
6424,21.128374,-101.720569
6425,21.138575,-101.730394
6426,21.096972,-101.603177
6427,21.173359,-101.641638
6428,21.100797,-101.71612
6430,21.188359,-101.678979
6431,21.135184,-101.678036
6432,21.118718,-101.588752
6433,21.124938,-101.625612
6434,21.125645,-101.632191
6435,21.128306,-101.645265
6436,21.131697,-101.667025
6437,21.134705,-101.716266
6438,21.114574,-101.606496
6440,21.117837,-101.587045
6442,21.122146,-101.676798
6444,21.072159,-101.721246
6445,21.147249,-101.707319
6448,21.099765,-101.642865
6449,21.127828,-101.642852
6450,21.07102,-101.723767
6451,21.14831,-101.731499
6453,21.14503,-101.697387
6454,21.148873,-101.73255
6455,21.070453,-101.725006
6457,21.146934,-101.728949
6459,21.149415,-101.733561
6460,21.100382,-101.645088
6461,21.100929,-101.647655
6462,21.144291,-101.69484
6463,21.097807,-101.660652
6464,21.102163,-101.653121
6465,21.103716,-101.658995
6466,21.150566,-101.624823
6467,21.105153,-101.650855
6469,21.133556,-101.757601
6470,21.156557,-101.689748
6471,21.139819,-101.758361
6472,21.127666,-101.697034
6473,21.149741,-101.663816
6474,21.145652,-101.617392
6476,21.145706,-101.614985
6478,21.153686,-101.741657
6479,21.153641,-101.743453
6480,21.146726,-101.611964
6481,21.130766,-101.641486
6482,21.11736,-101.711948
6483,21.129941,-101.638586
6484,21.13792,-101.727956
6486,21.129335,-101.701989
6487,21.132965,-101.759239
6488,21.060333,-101.613882
6489,21.149151,-101.622669
6490,21.103383,-101.61687
6492,21.143758,-101.642947
6493,21.060978,-101.617035
6494,21.09862,-101.606765
6496,21.155625,-101.739394
6497,21.092632,-101.752339
6498,21.121503,-101.724202
6499,21.113871,-101.720762
6500,21.070745,-101.718296
6501,21.120176,-101.600349
6502,21.126146,-101.692552
6503,21.151785,-101.696474
6504,21.118668,-101.727637
6505,21.079979,-101.62212
6506,21.11675,-101.714788
6507,21.155155,-101.75749
6509,21.102754,-101.655537
6510,21.126989,-101.695045
6511,21.092866,-101.755808
6513,21.119645,-101.71789
6515,21.166191,-101.718037
6516,21.099564,-101.609519
6517,21.128534,-101.699587
6518,21.074153,-101.600946
6519,21.100441,-101.633606
6520,21.084765,-101.614169
6521,21.084547,-101.644269
6522,21.122331,-101.728948
6523,21.070687,-101.596703
6524,21.102195,-101.614059
6525,21.100265,-101.693631
6526,21.111919,-101.697636
6527,21.07438,-101.615032
6528,21.08641,-101.646876
6530,21.131102,-101.643344
6531,21.101383,-101.66358
6532,21.149292,-101.641266
6533,21.088813,-101.620946
6534,21.107159,-101.583075
6535,21.063905,-101.588219
6536,21.092308,-101.648139
6537,21.149452,-101.69147
6538,21.1171,-101.704373
6539,21.145833,-101.72768
6540,21.117087,-101.702899
6541,21.103734,-101.64065
6542,21.140088,-101.738865
6543,21.118519,-101.684378
6544,21.134935,-101.700637
6545,21.125095,-101.694507
6546,21.101075,-101.59735
6547,21.144382,-101.682958
6548,21.115118,-101.684417
6549,21.066356,-101.677592
6551,21.073219,-101.613533
6552,21.071722,-101.611582
6553,21.149527,-101.699821
6554,21.127662,-101.684473
6555,21.126426,-101.680195
6557,21.135661,-101.661571
6558,21.14696,-101.702828
6559,21.080778,-101.62333
6560,21.147641,-101.702598
6561,21.154201,-101.682703
6562,21.112549,-101.67712
6563,21.173046,-101.660692
6564,21.103443,-101.638821
6565,21.109821,-101.669198
6566,21.121163,-101.720998
6568,21.111111,-101.674123
6569,21.108986,-101.689223
6570,21.115869,-101.69749
6571,21.114554,-101.681535
6572,21.11033,-101.671098
6573,21.154807,-101.720177
6574,21.08386,-101.613011
6575,21.155744,-101.688797
6576,21.137638,-101.682386
6577,21.170571,-101.678248
6578,21.154337,-101.71082
6579,21.150821,-101.694131
6580,21.06604,-101.675733
6581,21.123859,-101.67285
6582,21.144317,-101.696227
6583,21.117628,-101.668578
6584,21.09973,-101.595263
6585,21.124832,-101.67546
6586,21.132656,-101.671724
6587,21.122823,-101.667241
6588,21.15566,-101.705338
6589,21.106694,-101.657213
6590,21.094961,-101.662205
6591,21.085118,-101.667318
6592,21.097945,-101.663925
6593,21.095776,-101.677141
6594,21.121122,-101.657059
6595,21.131066,-101.662747
6597,21.122086,-101.662475
6598,21.186251,-101.670861
6599,21.064825,-101.589543
6600,21.127684,-101.66662
6601,21.128753,-101.667144
6602,21.122059,-101.662286
6603,21.118827,-101.645792
6604,21.13089,-101.660472
6605,21.130508,-101.657808
6606,21.122108,-101.662662
6607,21.130296,-101.656406
6608,21.139558,-101.666355
6609,21.120725,-101.654615
6610,21.100478,-101.611251
6611,21.12963,-101.652623
6612,21.147006,-101.673787
6613,21.145133,-101.663554
6614,21.138505,-101.663166
6615,21.148175,-101.688872
6616,21.149267,-101.663503
6617,21.066957,-101.681098
6618,21.078819,-101.620825
6619,21.143622,-101.654753
6620,21.144828,-101.661218
6621,21.144581,-101.659342
6622,21.138269,-101.73009
6623,21.082415,-101.611231
6624,21.189894,-101.661928
6625,21.15119,-101.671288
6626,21.164896,-101.64604
6627,21.168866,-101.690209
6628,21.18994,-101.663201
6629,21.187822,-101.656951
6630,21.191477,-101.656405
6631,21.104219,-101.638579
6632,21.123222,-101.669508
6635,21.189371,-101.660402
6637,21.147849,-101.635731
6638,21.117901,-101.640976
6639,21.118371,-101.642957
6640,21.128289,-101.663452
6641,21.191614,-101.660159
6642,21.117089,-101.637403
6643,21.167567,-101.715584
6644,21.110826,-101.606371
6645,21.112276,-101.618593
6646,21.112807,-101.62208
6647,21.098514,-101.606945
6648,21.156839,-101.630253
6649,21.139206,-101.734396
6651,21.114501,-101.628451
6652,21.146943,-101.619537
6653,21.160792,-101.646277
6654,21.113658,-101.605907
6655,21.172352,-101.638022
6656,21.065641,-101.67344
6657,21.116641,-101.608953
6658,21.150279,-101.667397
6659,21.117833,-101.67229
6660,21.150138,-101.635397
6661,21.119263,-101.64998
6662,21.11793,-101.672568
6663,21.116912,-101.6882
6664,21.113468,-101.678358
6665,21.148687,-101.63893
6666,21.153397,-101.645969
6667,21.117592,-101.679667
6668,21.119968,-101.678923
6669,21.116113,-101.633522
6670,21.12591,-101.678805
6671,21.152182,-101.644473
6673,21.165159,-101.651252
6674,21.150789,-101.643284
6675,21.092755,-101.650686
6676,21.117899,-101.681274
6677,21.117097,-101.70706
6678,21.116203,-101.693033
6679,21.1731,-101.666399
6680,21.118597,-101.606203
6681,21.118203,-101.6827
6682,21.14148,-101.689138
6683,21.093143,-101.652442
6684,21.115089,-101.63022
6685,21.177267,-101.655606
6686,21.077206,-101.650818
6687,21.061242,-101.577672
6688,21.103125,-101.616544
6689,21.135018,-101.717646
6690,21.062624,-101.581833
6691,21.178458,-101.657157
6692,21.176239,-101.654275
6693,21.106058,-101.668181
6694,21.155334,-101.628843
6695,21.173066,-101.630847
6696,21.191482,-101.652877
6697,21.156323,-101.629792
6698,21.14087,-101.716168
6699,21.179743,-101.658846
6700,21.135635,-101.674141
6701,21.104206,-101.620419
6702,21.1737,-101.632953
6703,21.101217,-101.713737
6704,21.099179,-101.720103
6705,21.135025,-101.697441
6706,21.099994,-101.717539
6707,21.101929,-101.711448
6708,21.105393,-101.698808
6709,21.100803,-101.676168
6710,21.097456,-101.660233
6711,21.116404,-101.691262
6712,21.099616,-101.671084
6713,21.103956,-101.693298
6714,21.101929,-101.685186
6715,21.104499,-101.695278
6716,21.103217,-101.690262
6717,21.101274,-101.681986
6718,21.097878,-101.666429
6719,21.098205,-101.666537
6720,21.104187,-101.704486
6721,21.058088,-101.674174
6722,21.060686,-101.615749
6723,21.185407,-101.667184
6724,21.080223,-101.652381
6725,21.079728,-101.649435
6726,21.070536,-101.608036
6727,21.098535,-101.668642
6728,21.107982,-101.589478
6729,21.118038,-101.605382
6731,21.149497,-101.733933
6732,21.075624,-101.61664
6733,21.079923,-101.622227
6734,21.116458,-101.603015
6735,21.096409,-101.70128
6736,21.109421,-101.595487
6738,21.083589,-101.66503
6739,21.092701,-101.685478
6740,21.084612,-101.66692
6741,21.095375,-101.696558
6742,21.091798,-101.681636
6743,21.10884,-101.592799
6744,21.061392,-101.618845
6745,21.185877,-101.669024
6746,21.080619,-101.65986
6747,21.062627,-101.624611
6748,21.131609,-101.645463
6749,21.130694,-101.687469
6750,21.139566,-101.685056
6751,21.093122,-101.687041
6752,21.119887,-101.678636
6753,21.097799,-101.605349
6754,21.138349,-101.682998
6755,21.155543,-101.693939
6756,21.170316,-101.656808
6757,21.099009,-101.594281
6759,21.111177,-101.632178
6760,21.152976,-101.637626
6761,21.103989,-101.643412
6762,21.087959,-101.672738
6763,21.124734,-101.621975
6764,21.164668,-101.643778
6766,21.186655,-101.672325
6767,21.0631,-101.626669
6768,21.142094,-101.636426
6769,21.092811,-101.754087
6770,21.094103,-101.690935
6771,21.093064,-101.757504
6772,21.092541,-101.751183
6773,21.145564,-101.666408
6774,21.061847,-101.621078
6775,21.092387,-101.748948
6776,21.123166,-101.617864
6777,21.145417,-101.64879
6778,21.147478,-101.65666
6779,21.077582,-101.619185
6780,21.13361,-101.674402
6781,21.148306,-101.659823
6782,21.146815,-101.654172
6783,21.142678,-101.63877
6784,21.156113,-101.641068
6785,21.143067,-101.640304
6786,21.18814,-101.678405
6788,21.125603,-101.718005
6789,21.092443,-101.656174
6790,21.146307,-101.652373
6791,21.186909,-101.675988
6792,21.144626,-101.645772
6793,21.09287,-101.658323
6794,21.13855,-101.732086
6795,21.096815,-101.725584
6796,21.138913,-101.725795
6797,21.093675,-101.65522
6798,21.093153,-101.659695
6799,21.089985,-101.736848
6800,21.115992,-101.694101
6801,21.187172,-101.674445
6802,21.097932,-101.72315
6803,21.095467,-101.601593
6804,21.09356,-101.599284
6805,21.146185,-101.671452
6806,21.092195,-101.597663
6807,21.096433,-101.602737
6808,21.119713,-101.651732
6809,21.159352,-101.650936
6810,21.118519,-101.588653
6811,21.081924,-101.613549
6812,21.143541,-101.693666
6814,21.16422,-101.668176
6815,21.130029,-101.654541
6816,21.106476,-101.713131
6817,21.109701,-101.602406
6818,21.126454,-101.63785
6819,21.095413,-101.728588
6820,21.12882,-101.648804
6821,21.132017,-101.66956
6823,21.127635,-101.643516
6824,21.111101,-101.603278
6825,21.131501,-101.667202
6826,21.128059,-101.645303
6827,21.097358,-101.640123
6828,21.070547,-101.724547
6829,21.07117,-101.723244
6832,21.097127,-101.638743
6833,21.140639,-101.685549
6834,21.134873,-101.677905
6835,21.144204,-101.699327
6836,21.134858,-101.716845
6837,21.072079,-101.72108
6838,21.146481,-101.700881
6839,21.14517,-101.698654
6840,21.139961,-101.695796
6841,21.143688,-101.698069
6842,21.17313,-101.667841
6843,21.128188,-101.716506
6845,21.097415,-101.640609
6846,21.102752,-101.606284
6847,21.152313,-101.716254
6848,21.144937,-101.70113
6849,21.140704,-101.683164
6850,21.099971,-101.644472
6851,21.102015,-101.653537
6852,21.142569,-101.691472
6853,21.097463,-101.645865
6854,21.09872,-101.638578
6855,21.099535,-101.642952
6856,21.10056,-101.647086
6857,21.079541,-101.647054
6858,21.110735,-101.694
6859,21.164523,-101.642383
6860,21.078703,-101.638571
6861,21.131914,-101.6937
6863,21.146662,-101.611696
6864,21.131461,-101.692366
6865,21.109185,-101.692182
6866,21.131428,-101.689649
6867,21.104098,-101.646478
6868,21.105129,-101.651847
6869,21.128068,-101.696501
6870,21.082662,-101.641941
6871,21.126582,-101.69204
6872,21.099132,-101.631925
6873,21.12875,-101.698424
6874,21.102457,-101.655379
6875,21.156397,-101.691274
6876,21.127405,-101.694548
6877,21.129161,-101.69963
6878,21.155149,-101.75671
6881,21.149766,-101.761869
6882,21.130027,-101.702162
6883,21.151597,-101.62474
6884,21.14642,-101.613598
6885,21.152182,-101.62563
6887,21.120501,-101.601053
6888,21.14576,-101.617777
6891,21.117151,-101.710735
6893,21.153428,-101.743425
6894,21.153068,-101.62643
6895,21.135278,-101.755531
6898,21.129836,-101.63887
6899,21.088431,-101.668146
6900,21.139783,-101.758608
6901,21.088285,-101.666182
6902,21.117136,-101.709726
6903,21.117968,-101.714299
6904,21.130398,-101.640897
6905,21.079001,-101.607014
6906,21.118963,-101.716092
6907,21.125372,-101.632611
6908,21.144742,-101.616228
6912,21.096604,-101.748309
6913,21.084525,-101.625976
6914,21.113042,-101.73006
6915,21.081404,-101.748447
6916,21.093319,-101.762013
6917,21.109275,-101.730101
6919,21.11946,-101.731435
6920,21.105235,-101.727638
6921,21.115645,-101.731304
6922,21.118119,-101.731513
6923,21.112839,-101.730033
6924,21.10599,-101.670141
6925,21.118664,-101.727438
6926,21.066077,-101.684396
6927,21.128394,-101.717868
6928,21.124597,-101.719682
6929,21.109213,-101.727636
6930,21.127003,-101.718379
6931,21.091094,-101.664541
6932,21.139945,-101.724814
6933,21.094028,-101.679169
6934,21.171463,-101.666968
6935,21.085719,-101.665767
6936,21.131227,-101.717086
6938,21.087282,-101.679399
6939,21.103888,-101.678593
6940,21.123728,-101.602387
6941,21.122966,-101.603153
6942,21.137363,-101.723835
6943,21.085249,-101.649248
6944,21.093696,-101.663913
6945,21.09597,-101.663543
6946,21.08781,-101.648485
6947,21.090907,-101.647573
6948,21.093566,-101.647125
6950,21.103127,-101.691375
6951,21.08361,-101.649691
6952,21.100861,-101.649331
6953,21.102939,-101.640036
6954,21.096014,-101.646871
6955,21.094998,-101.650837
6956,21.072047,-101.639538
6957,21.099368,-101.64971
6958,21.09747,-101.636623
6959,21.072739,-101.620351
6960,21.075276,-101.641518
6961,21.101634,-101.681517
6962,21.097321,-101.650246
6963,21.077626,-101.651873
6964,21.102087,-101.634868
6965,21.081143,-101.643875
6966,21.097556,-101.625887
6967,21.090112,-101.628028
6968,21.181763,-101.649958
6969,21.074904,-101.618517
6970,21.105735,-101.7112
6971,21.107741,-101.697585
6974,21.111999,-101.710738
6975,21.175549,-101.675896
6976,21.114571,-101.7095
6977,21.124475,-101.705807
6978,21.111612,-101.654251
6979,21.168896,-101.640175
6980,21.10354,-101.710404
6981,21.120453,-101.707115
6982,21.093705,-101.682849
6984,21.077302,-101.641469
6985,21.109975,-101.695355
6986,21.127331,-101.704717
6987,21.106279,-101.699031
6988,21.132047,-101.703254
6990,21.11141,-101.687749
6991,21.158835,-101.655661
6992,21.099001,-101.64071
6993,21.139152,-101.74446
6994,21.110315,-101.688237
6995,21.1156,-101.684726
6996,21.126859,-101.683413
6997,21.119247,-101.687098
6998,21.121386,-101.686786
6999,21.134025,-101.702801
7000,21.118041,-101.683664
7001,21.110523,-101.679447
7002,21.131605,-101.682682
7003,21.11852,-101.707552
7004,21.12893,-101.678715
7005,21.110768,-101.624477
7006,21.144171,-101.70178
7007,21.14573,-101.701478
7008,21.108297,-101.689147
7009,21.148703,-101.703492
7010,21.142033,-101.702081
7011,21.141161,-101.689586
7012,21.195608,-101.667108
7013,21.124657,-101.674073
7014,21.157894,-101.683663
7015,21.159716,-101.707293
7016,21.159322,-101.691804
7017,21.137335,-101.682386
7018,21.1363,-101.702214
7020,21.136145,-101.693852
7021,21.111471,-101.6759
7022,21.131154,-101.677271
7023,21.133982,-101.678208
7024,21.149933,-101.684697
7025,21.106299,-101.677874
7026,21.166038,-101.684802
7027,21.099547,-101.605849
7028,21.121045,-101.667315
7029,21.124383,-101.661387
7030,21.132592,-101.665236
7031,21.112237,-101.686402
7033,21.134139,-101.664311
7035,21.132364,-101.676862
7036,21.127001,-101.679548
7037,21.118482,-101.65821
7038,21.104939,-101.648279
7039,21.115823,-101.652386
7040,21.164845,-101.669281
7041,21.111175,-101.646654
7044,21.098416,-101.602787
7045,21.132552,-101.659552
7047,21.138784,-101.679251
7048,21.125401,-101.651723
7049,21.141768,-101.665642
7051,21.145249,-101.665037
7053,21.128273,-101.627728
7054,21.128872,-101.660309
7055,21.129652,-101.648654
7056,21.136409,-101.662943
7057,21.152475,-101.669259
7059,21.139865,-101.660764
7060,21.127516,-101.660699
7061,21.158366,-101.666732
7062,21.149916,-101.670451
7063,21.129072,-101.650836
7064,21.135987,-101.657941
7065,21.136665,-101.66278
7066,21.138828,-101.656125
7067,21.162899,-101.709144
7068,21.169217,-101.666981
7069,21.140201,-101.655267
7070,21.14209,-101.654047
7071,21.147165,-101.650712
7072,21.156205,-101.667682
7073,21.162079,-101.648865
7074,21.181785,-101.666931
7075,21.149749,-101.655402
7076,21.152017,-101.654487
7077,21.118626,-101.651042
7078,21.169184,-101.677935
7079,21.155547,-101.652324
7080,21.146511,-101.656324
7081,21.174539,-101.666954
7082,21.159251,-101.650089
7083,21.184485,-101.705107
7084,21.143059,-101.658826
7085,21.167314,-101.664063
7086,21.164536,-101.647523
7087,21.18775,-101.663992
7088,21.176586,-101.666948
7089,21.19134,-101.664981
7090,21.185538,-101.663987
7091,21.180079,-101.666938
7092,21.178284,-101.666949
7093,21.18163,-101.663977
7094,21.176673,-101.663967
7095,21.190919,-101.662056
7096,21.20527,-101.678261
7097,21.20344,-101.676219
7098,21.169943,-101.647061
7099,21.118297,-101.639918
7100,21.201379,-101.673803
7101,21.170567,-101.639029
7103,21.165482,-101.641578
7104,21.120644,-101.631356
7106,21.110274,-101.629903
7107,21.147617,-101.632054
7108,21.113363,-101.645456
7109,21.104893,-101.629406
7111,21.185177,-101.666656
7113,21.183136,-101.666826
7114,21.1699,-101.644651
7115,21.20375,-101.677317
7116,21.193872,-101.666251
7117,21.172044,-101.637647
7118,21.206039,-101.679206
7119,21.179487,-101.663975
7120,21.184544,-101.670827
7121,21.20898,-101.681265
7122,21.161433,-101.664924
7123,21.164061,-101.664065
7124,21.172542,-101.65638
7125,21.170586,-101.664016
7127,21.130171,-101.62957
7128,21.150297,-101.64861
7129,21.199735,-101.671989
7130,21.198353,-101.670239
7131,21.153127,-101.64671
7132,21.124645,-101.68061
7133,21.147645,-101.633962
7135,21.144121,-101.652716
7136,21.118128,-101.687003
7137,21.14858,-101.690369
7138,21.118062,-101.66808
7139,21.114361,-101.67973
7140,21.150177,-101.628905
7141,21.122689,-101.685223
7142,21.124682,-101.685941
7143,21.148763,-101.649641
7144,21.116959,-101.687936
7145,21.176872,-101.675501
7147,21.148974,-101.630032
7148,21.153997,-101.64612
7149,21.117383,-101.677296
7152,21.115633,-101.625625
7153,21.151829,-101.627149
7154,21.157293,-101.643903
7155,21.083111,-101.643509
7156,21.178261,-101.652221
7157,21.178435,-101.67503
7158,21.185393,-101.670698
7159,21.187419,-101.675791
7160,21.104093,-101.669552
7161,21.185574,-101.675272
7162,21.182158,-101.671169
7163,21.182925,-101.674521
7164,21.181128,-101.671281
7165,21.111685,-101.730065
7166,21.179495,-101.671533
7167,21.108917,-101.730103
7168,21.103582,-101.730395
7169,21.11062,-101.730072
7170,21.107851,-101.73013
7171,21.111338,-101.730079
7172,21.121021,-101.730613
7173,21.107506,-101.730154
7174,21.149006,-101.634312
7175,21.114331,-101.730575
7176,21.116711,-101.731596
7177,21.11461,-101.730736
7179,21.117049,-101.731588
7180,21.115324,-101.731128
7181,21.115765,-101.666013
7182,21.109567,-101.676924
7184,21.106073,-101.730452
7186,21.081614,-101.65031
7187,21.120871,-101.730774
7188,21.105063,-101.73071
7190,21.118448,-101.731485
7194,21.156479,-101.630153
7195,21.138155,-101.671309
7196,21.155278,-101.631281
7198,21.059781,-101.673696
7199,21.11779,-101.643999
7200,21.139961,-101.670676
7201,21.190685,-101.650659
7202,21.102563,-101.699876
7203,21.191422,-101.650939
7204,21.106817,-101.671476
7205,21.099008,-101.58796
7206,21.106664,-101.58262
7208,21.1922,-101.654296
7210,21.090442,-101.593886
7211,21.088382,-101.622435
7212,21.173599,-101.633428
7213,21.145511,-101.690495
7214,21.104631,-101.584046
7215,21.104072,-101.672467
7217,21.093113,-101.591977
7218,21.069398,-101.622691
7219,21.103408,-101.584914
7220,21.091014,-101.618862
7221,21.210583,-101.682506
7222,21.100768,-101.600954
7223,21.100613,-101.58683
7224,21.19373,-101.679335
7225,21.15137,-101.624573
7226,21.09681,-101.589499
7228,21.075884,-101.617672
7229,21.129313,-101.686127
7230,21.122395,-101.684119
7231,21.05825,-101.687078
7232,21.053315,-101.68858
7234,21.047672,-101.69035
7236,21.04387,-101.688631
7237,21.042687,-101.676485
7238,21.043979,-101.688416
7239,21.047609,-101.690129
7240,21.053296,-101.688402
7241,21.093168,-101.678358
7242,21.13894,-101.607021
7243,21.137989,-101.607783
7244,21.13932,-101.609768
7245,21.139155,-101.609729
7246,21.142044,-101.610107
7247,21.137053,-101.604984
7248,21.138849,-101.605716
7249,21.137472,-101.607412
7250,21.153817,-101.634
7252,21.066931,-101.636705
7253,21.06357,-101.637627
7254,21.063585,-101.637617
7255,21.059641,-101.637542
7256,21.054324,-101.637987
7258,21.056889,-101.637906
7259,21.054265,-101.637713
7260,21.054085,-101.634141
7261,21.05764,-101.633738
7263,21.139032,-101.707144
7264,21.133144,-101.692319
7265,21.139359,-101.711427
7266,21.132752,-101.689314
7267,21.134313,-101.693252
7268,21.134848,-101.696513
7269,21.134057,-101.699517
7270,21.139251,-101.704646
7271,21.138741,-101.708315
7272,21.138971,-101.711437
7273,21.139481,-101.715128
7277,21.108503,-101.68725
7278,21.147113,-101.683812
7279,21.147408,-101.680148
7280,21.147658,-101.676661
7281,21.149757,-101.731602
7282,21.148791,-101.732702
7283,21.14702,-101.733839
7284,21.144118,-101.736655
7285,21.141482,-101.738281
7286,21.148566,-101.705963
7287,21.149709,-101.708732
7288,21.15077,-101.711242
7289,21.151015,-101.713968
7290,21.151415,-101.715636
7292,21.130935,-101.726614
7293,21.133187,-101.729167
7294,21.136129,-101.729596
7295,21.142435,-101.729803
7296,21.145247,-101.728816
7297,21.132056,-101.729489
7298,21.130376,-101.73436
7299,21.13734,-101.735251
7300,21.141621,-101.628084
7302,21.139946,-101.629326
7303,21.144229,-101.628328
7304,21.147051,-101.629659
7305,21.082443,-101.6247
7306,21.082391,-101.624812
7308,21.079182,-101.627867
7309,21.075749,-101.624048
7310,21.073455,-101.62364
7311,21.070792,-101.625158
7312,21.096878,-101.706137
7313,21.086361,-101.763401
7314,21.087623,-101.767628
7315,21.087402,-101.774849
7316,21.086988,-101.782391
7317,21.073833,-101.783498
7318,21.074463,-101.791196
7320,21.085366,-101.671481
7321,21.086402,-101.671176
7326,21.160184,-101.654712
7330,21.039357,-101.692779
7331,21.032217,-101.694914
7332,21.024638,-101.696105
7333,21.064917,-101.669712
7335,21.058724,-101.659106
7336,21.055831,-101.65872
7337,21.054489,-101.655877
7338,21.062022,-101.678019
7339,21.058818,-101.677826
7342,21.139875,-101.725115
7343,21.152113,-101.729675
7344,21.149423,-101.728602
7345,21.156047,-101.731166
7346,21.165783,-101.735179
7347,21.175247,-101.739974
7348,21.179517,-101.744725
7349,21.184528,-101.748437
7350,21.188034,-101.750803
7351,21.198717,-101.758447
7352,21.200877,-101.762181
7353,21.202387,-101.764091
7355,21.18361,-101.744113
7356,21.189003,-101.746688
7357,21.196025,-101.750272
7358,21.199546,-101.754327
7359,21.205707,-101.762567
7360,21.205047,-101.763758
7361,21.202946,-101.764863
7362,21.170336,-101.684751
7363,21.079951,-101.607712
7369,21.09056,-101.697355
7370,21.087807,-101.69897
7371,21.084609,-101.70111
7372,21.082467,-101.704694
7373,21.078321,-101.711477
7374,21.073841,-101.717448
7375,21.139796,-101.736493
7376,21.140013,-101.74138
7377,21.140233,-101.748048
7378,21.138602,-101.748847
7379,21.137583,-101.751033
7380,21.138679,-101.754734
7381,21.140377,-101.745819
7382,21.145656,-101.726881
7383,21.149549,-101.728469
7384,21.153619,-101.730011
7385,21.167972,-101.736143
7386,21.116356,-101.699568
7387,21.119279,-101.68707
7388,21.122747,-101.728822
7389,21.121706,-101.723874
7390,21.121567,-101.721181
7391,21.120011,-101.717968
7392,21.11945,-101.716546
7393,21.118364,-101.71462
7394,21.117299,-101.709266
7395,21.117259,-101.704996
7396,21.117189,-101.702067
7397,21.116138,-101.697969
7398,21.116128,-101.694225
7399,21.116468,-101.692293
7400,21.116688,-101.689858
7401,21.117099,-101.686457
7402,21.122223,-101.686124
7403,21.070699,-101.641691
7404,21.08572,-101.643083
7405,21.089137,-101.642474
7406,21.166926,-101.735845
7407,21.170118,-101.76212
7408,21.170738,-101.74607
7409,21.094317,-101.641459
7410,21.101984,-101.635574
7411,21.103225,-101.636701
7412,21.086203,-101.643288
7413,21.089768,-101.642699
7414,21.139351,-101.753181
7415,21.13721,-101.753642
7416,21.077306,-101.607884
7417,21.075719,-101.605857
7418,21.073827,-101.603346
7419,21.070508,-101.60267
7420,21.154212,-101.697997
7421,21.152451,-101.676185
7423,21.154212,-101.681772
7424,21.147948,-101.671365
7425,21.081903,-101.680175
7426,21.085365,-101.621642
7427,21.108496,-101.619791
7428,21.11172,-101.613042
7429,21.126736,-101.599234
7430,21.129358,-101.601948
7431,21.127171,-101.599105
7432,21.125009,-101.596219
7433,21.121737,-101.592196
7434,21.122137,-101.589342
7435,21.111454,-101.613101
7436,21.110834,-101.608252
7437,21.125556,-101.600511
7438,21.125996,-101.598311
7439,21.123614,-101.59475
7440,21.121693,-101.592239
7441,21.120657,-101.59049
7442,21.122429,-101.589063
7443,21.141454,-101.754526
7444,21.141814,-101.757551
7445,21.142504,-101.759129
7446,21.142954,-101.757262
7447,21.143334,-101.755502
7448,21.145786,-101.756146
7449,21.13002,-101.749877
7450,21.128639,-101.751412
7451,21.128149,-101.749716
7452,21.127818,-101.748263
7453,21.126798,-101.746712
7454,21.123895,-101.745811
7455,21.1244,-101.745988
7456,21.119335,-101.74484
7457,21.115883,-101.741825
7458,21.113916,-101.740293
7459,21.126058,-101.743179
7460,21.124447,-101.743887
7461,21.123256,-101.743029
7462,21.087794,-101.617904
7468,21.115585,-101.724316
7469,21.117256,-101.718683
7470,21.127532,-101.713984
7471,21.102584,-101.728653
7472,21.115886,-101.724066
7473,21.116917,-101.711813
7474,21.102644,-101.709335
7475,21.185356,-101.646261
7476,21.186146,-101.647549
7477,21.186298,-101.649817
7478,21.188279,-101.649854
7479,21.191925,-101.651646
7480,21.191575,-101.652907
7481,21.179523,-101.660385
7482,21.176771,-101.664483
7483,21.179779,-101.663825
7484,21.152978,-101.757804
7485,21.194574,-101.705096
7486,21.196214,-101.705074
7487,21.198799,-101.705198
7488,21.201095,-101.704388
7489,21.20307,-101.703599
7490,21.205176,-101.702955
7491,21.210317,-101.703883
7492,21.207871,-101.702569
7493,21.191302,-101.705294
7494,21.178495,-101.703385
7498,21.133129,-101.713749
7499,21.135121,-101.71436
7503,21.153555,-101.625117
7504,21.175096,-101.643614
7505,21.177602,-101.642482
7506,21.180333,-101.640819
7507,21.179465,-101.638523
7508,21.177489,-101.636624
7509,21.175958,-101.634452
7510,21.173682,-101.636683
7511,21.172902,-101.634323
7512,21.172372,-101.63295
7513,21.098218,-101.676359
7514,21.177582,-101.633056
7515,21.179003,-101.632455
7516,21.180233,-101.631838
7517,21.183504,-101.631018
7518,21.183634,-101.632852
7519,21.185205,-101.633174
7520,21.186062,-101.629458
7521,21.188283,-101.624699
7522,21.188346,-101.622622
7523,21.099822,-101.676232
7524,21.114398,-101.722406
7528,21.109589,-101.716178
7529,21.11089,-101.71312
7530,21.109169,-101.713206
7531,21.111686,-101.715402
7532,21.159856,-101.65837
7533,21.159115,-101.655784
7534,21.160294,-101.654776
7535,21.160758,-101.66512
7536,21.159458,-101.661794
7537,21.158557,-101.659594
7538,21.157446,-101.656859
7539,21.161224,-101.654369
7540,21.155701,-101.650518
7541,21.15439,-101.648071
7542,21.162747,-101.6477
7543,21.165266,-101.64873
7544,21.167475,-101.647977
7550,21.11874,-101.675009
7552,21.103641,-101.626309
7556,21.097016,-101.603441
7557,21.09776,-101.599561
7558,21.098061,-101.598124
7559,21.09726,-101.596537
7560,21.096599,-101.595163
7561,21.095578,-101.593361
7565,21.110018,-101.663699
7568,21.128625,-101.710336
7569,21.120887,-101.724194
7570,21.119576,-101.725578
7576,21.124919,-101.685715
7577,21.120266,-101.690199
7578,21.122783,-101.692206
7579,21.128557,-101.705158
7580,21.129257,-101.709106
7581,21.129187,-101.712368
7582,21.124705,-101.718146
7583,21.123218,-101.718919
7584,21.121717,-101.719723
7585,21.111038,-101.605147
7586,21.109608,-101.552408
7587,21.107501,-101.551453
7588,21.10606,-101.551883
7589,21.112546,-101.552542
7590,21.104096,-101.56648
7591,21.110328,-101.602091
7592,21.109809,-101.597804
7593,21.114933,-101.589457
7594,21.114232,-101.586399
7595,21.111781,-101.583738
7596,21.109896,-101.581187
7597,21.117702,-101.583757
7598,21.116581,-101.585399
7599,21.115095,-101.586821
7600,21.131151,-101.664388
7601,21.132892,-101.662296
7602,21.134814,-101.660322
7607,21.1296,-101.674252
7608,21.127979,-101.671141
7610,21.112409,-101.680705
7611,21.107549,-101.681901
7612,21.103876,-101.682631
7613,21.11841,-101.716112
7614,21.116689,-101.713258
7615,21.115901,-101.711006
7616,21.11438,-101.679257
7621,21.115781,-101.712624
7622,21.098246,-101.67635
7623,21.070211,-101.680288
7624,21.071716,-101.676968
7625,21.070074,-101.673733
7626,21.068729,-101.67332
7627,21.064814,-101.667156
7628,21.066419,-101.666893
7629,21.071503,-101.670492
7631,21.105662,-101.725636
7632,21.07931,-101.629314
7633,21.103515,-101.598951
7634,21.108543,-101.579645
7635,21.14615,-101.703486
7636,21.143749,-101.699332
7637,21.141607,-101.697819
7638,21.139175,-101.693345
7639,21.130618,-101.686351
7640,21.129147,-101.683711
7641,21.104133,-101.676362
7642,21.103052,-101.666326
7643,21.098778,-101.666518
7645,21.146277,-101.704443
7646,21.14292,-101.695941
7647,21.133363,-101.6949
7648,21.108573,-101.673852
7649,21.107191,-101.671481
7650,21.101647,-101.668433
7651,21.100755,-101.665966
7652,21.128716,-101.711403
7653,21.130272,-101.709929
7654,21.129653,-101.707139
7655,21.129963,-101.703813
7656,21.140681,-101.691571
7657,21.13124,-101.710793
7658,21.140828,-101.699674
7659,21.135665,-101.678909
7660,21.106032,-101.66215
7661,21.063979,-101.715751
7662,21.060554,-101.714421
7663,21.056274,-101.712663
7664,21.051768,-101.710946
7665,21.045981,-101.709938
7666,21.040233,-101.710174
7667,21.035246,-101.709809
7668,21.150276,-101.633249
7669,21.170907,-101.679746
7670,21.156439,-101.674431
7671,21.153272,-101.676394
7672,21.080873,-101.631673
7674,21.074265,-101.624217
7675,21.073314,-101.622511
7676,21.137943,-101.700589
7677,21.135754,-101.704436
7678,21.136384,-101.707494
7679,21.137025,-101.710541
7680,21.137645,-101.713577
7681,21.138035,-101.71539
7682,21.134393,-101.698496
7683,21.136284,-101.698539
7684,21.138245,-101.699215
7685,21.138666,-101.701275
7686,21.136275,-101.703374
7687,21.135114,-101.704586
7688,21.135754,-101.707644
7689,21.136375,-101.710723
7690,21.137015,-101.713717
7691,21.137556,-101.716528
7692,21.138166,-101.718738
7693,21.140518,-101.718727
7694,21.142754,-101.718351
7695,21.143335,-101.718282
7696,21.12091,-101.672968
7698,21.139024,-101.653178
7699,21.154384,-101.622294
7700,21.155264,-101.623292
7701,21.15607,-101.62098
7702,21.156555,-101.622037
7703,21.144315,-101.647181
7704,21.141423,-101.648898
7705,21.139131,-101.650496
7706,21.143139,-101.647241
7707,21.141218,-101.648583
7708,21.140548,-101.652497
7709,21.142199,-101.655823
7710,21.108495,-101.664442
7711,21.158073,-101.722397
7712,21.158963,-101.722859
7713,21.162876,-101.726067
7714,21.163526,-101.726324
7715,21.081226,-101.655225
7716,21.122273,-101.639697
7717,21.123814,-101.638163
7718,21.069118,-101.627565
7719,21.070529,-101.630033
7720,21.119,-101.72476
7721,21.116996,-101.721623
7722,21.114084,-101.707918
7723,21.113454,-101.706212
7724,21.112673,-101.703669
7725,21.112073,-101.701577
7726,21.111562,-101.700043
7727,21.104818,-101.663873
7728,21.118085,-101.725019
7729,21.117483,-101.721317
7730,21.117393,-101.718844
7732,21.113273,-101.712228
7733,21.112872,-101.709359
7734,21.115834,-101.707922
7735,21.115583,-101.705752
7736,21.115063,-101.703092
7737,21.113992,-101.699927
7739,21.111289,-101.624451
7742,21.11536,-101.661868
7743,21.114,-101.659644
7745,21.105508,-101.66549
7747,21.139364,-101.648357
7748,21.141025,-101.64723
7749,21.142846,-101.645996
7750,21.14588,-101.680714
7751,21.142458,-101.680692
7752,21.140236,-101.681529
7754,21.146247,-101.681425
7755,21.14439,-101.681382
7756,21.14357,-101.682741
7757,21.142289,-101.684533
7761,21.116216,-101.6879
7763,21.151448,-101.701479
7764,21.153229,-101.698089
7765,21.100331,-101.696981
7766,21.103543,-101.702128
7767,21.102281,-101.697987
7768,21.10125,-101.696013
7769,21.101305,-101.650388
7770,21.097071,-101.636865
7771,21.097682,-101.640856
7772,21.089349,-101.674733
7773,21.077857,-101.654692
7774,21.123812,-101.69196
7775,21.122032,-101.690974
7781,21.103292,-101.728268
7782,21.131876,-101.71632
7783,21.190156,-101.652642
7784,21.191516,-101.654487
7785,21.149546,-101.674475
7787,21.042507,-101.673743
7788,21.058102,-101.673912
7789,21.072308,-101.641659
7791,21.152168,-101.716733
7792,21.067765,-101.636945
7793,21.094916,-101.617666
7794,21.15473,-101.623882
7795,21.134466,-101.603689
7796,21.05917,-101.617907
7799,21.155266,-101.744061
7800,21.157627,-101.744254
7801,21.129097,-101.760065
7802,21.17301,-101.630553
7803,21.181944,-101.667138
7804,21.066698,-101.604867
7805,21.106462,-101.580317
7806,21.097987,-101.747082
7807,21.103832,-101.706007
7808,21.162347,-101.670831
7809,21.124426,-101.587476
7810,21.122524,-101.742269
7811,21.113293,-101.740192
7812,21.15071,-101.730506
7813,21.071329,-101.60572
7814,21.069996,-101.583906
7823,21.150998,-101.759467
7824,21.211177,-101.705042
7826,21.110041,-101.578352
7827,21.141621,-101.766545
7828,21.141741,-101.770107
7829,21.138699,-101.77457
7830,21.168401,-101.756891
7831,21.1658,-101.755732
7832,21.167736,-101.761397
7833,21.07206,-101.620932
7834,21.079231,-101.646627
7835,21.092235,-101.644975
7836,21.088642,-101.668986
7837,21.104898,-101.726457
7850,21.141166,-101.74852
7851,21.143207,-101.749636
7852,21.145059,-101.752243
7853,21.146514,-101.753843
7854,21.209967,-101.703013
7856,21.215573,-101.704649
7857,21.227659,-101.703211
7858,21.182241,-101.765834
7859,21.185266,-101.764997
7860,21.188172,-101.764879
7861,21.081901,-101.655621
7862,21.137932,-101.719502
7864,21.023935,-101.69147
7865,21.054584,-101.653344
7866,21.042554,-101.674918
7868,21.14428,-101.704781
7869,21.152135,-101.629584
7870,21.166416,-101.728579
7871,21.155725,-101.694558
7872,21.111661,-101.633711
7874,21.142379,-101.682034
7875,21.188837,-101.621152
7876,21.121923,-101.685506
7877,21.166435,-101.629436
7880,21.066323,-101.633455
7881,21.059445,-101.63352
7882,21.141003,-101.719427
7883,21.141381,-101.72561
7884,21.119543,-101.677934
7893,21.136175,-101.675943
7894,21.133283,-101.677982
7895,21.138993,-101.634347
7897,21.12947,-101.714514
7898,21.069266,-101.666626
7899,21.123413,-101.681113
7900,21.104436,-101.56895
7902,21.09658,-101.583569
7903,21.095849,-101.581142
7904,21.095273,-101.578604
7907,21.105175,-101.552409
7908,21.103939,-101.705214
7909,21.11068,-101.607902
7910,21.104827,-101.611203
7911,21.104793,-101.611577
7912,21.121725,-101.684547
7913,21.149029,-101.682675
7915,21.122182,-101.686533
7916,21.171143,-101.646602
7917,21.100017,-101.581778
7918,21.098655,-101.579632
7919,21.165836,-101.760392
7921,21.192843,-101.679443
7922,21.192878,-101.679416
7923,21.197562,-101.674213
7924,21.195226,-101.674658
7925,21.192476,-101.67513
7926,21.192522,-101.677035
7930,21.139379,-101.629583
7931,21.138928,-101.625378
7932,21.137155,-101.621173
7933,21.133132,-101.624118
7937,21.144522,-101.633199
7938,21.13596,-101.71309
7939,21.135369,-101.712147
7940,21.090674,-101.676443
7941,21.140019,-101.631676
7943,21.183467,-101.640039
7944,21.182912,-101.638709
7945,21.182377,-101.637721
7946,21.181372,-101.637775
7947,21.180516,-101.637062
7948,21.163429,-101.642313
7949,21.158546,-101.642764
7950,21.170602,-101.642925
7951,21.156722,-101.626555
7952,21.158178,-101.627698
7953,21.159634,-101.629002
7954,21.161325,-101.630759
7955,21.162318,-101.631764
7956,21.156108,-101.631831
7957,21.155587,-101.631612
7958,21.158498,-101.634884
7959,21.139828,-101.604748
7963,21.148054,-101.621204
7964,21.15615,-101.73967
7965,21.150426,-101.619401
7966,21.151347,-101.618339
7967,21.152397,-101.617416
7968,21.113691,-101.612426
7969,21.111769,-101.614829
7970,21.082228,-101.618877
7971,21.086353,-101.621259
7972,21.082611,-101.621459
7973,21.14608,-101.754878
7974,21.122995,-101.731533
7975,21.125467,-101.734312
7976,21.124236,-101.738217
7977,21.12966,-101.747787
7978,21.132542,-101.748562
7979,21.137791,-101.750123
7980,21.141191,-101.752431
7981,21.146634,-101.754512
7982,21.123907,-101.737898
7983,21.125447,-101.734894
7984,21.122725,-101.731868
7985,21.033121,-101.709463
7986,21.136494,-101.773135
7987,21.133392,-101.770915
7988,21.103365,-101.637269
7989,21.111765,-101.718721
7990,21.171853,-101.734453
7991,21.192092,-101.748356
7992,21.146304,-101.712109
7993,21.151322,-101.720612
7994,21.100992,-101.578419
7995,21.103154,-101.577378
7996,21.096843,-101.583797
7997,21.089727,-101.586499
7998,21.091419,-101.583795
7999,21.088415,-101.610765
8000,21.09303,-101.607096
8001,21.153702,-101.731254
8002,21.1504,-101.729912
8003,21.15028,-101.729548
8005,21.074433,-101.594761
8006,21.077727,-101.592883
8007,21.08106,-101.593686
8008,21.084043,-101.591872
8009,21.083112,-101.588353
8010,21.082472,-101.586508
8011,21.084213,-101.592935
8012,21.082221,-101.595391
8013,21.078137,-101.597938
8014,21.134319,-101.613797
8015,21.134139,-101.614291
8016,21.130536,-101.604592
8017,21.142581,-101.746318
8018,21.146044,-101.748045
8019,21.150076,-101.749204
8020,21.153148,-101.748603
8021,21.15699,-101.748946
8022,21.15601,-101.75297
8023,21.067179,-101.567242
8024,21.073866,-101.567736
8025,21.070362,-101.557575
8026,21.069922,-101.561631
8027,21.072485,-101.563498
8028,21.057323,-101.583403
8029,21.050494,-101.588296
8030,21.049193,-101.591385
8031,21.04759,-101.593617
8032,21.124756,-101.654944
8033,21.102412,-101.700898
8034,21.100821,-101.704643
8035,21.102102,-101.707121
8036,21.109685,-101.635546
8037,21.076853,-101.635335
8038,21.14002,-101.619437
8039,21.142008,-101.617763
8040,21.144525,-101.615961
8041,21.134699,-101.669561
8042,21.139802,-101.667769
8043,21.143545,-101.666589
8044,21.147761,-101.644207
8045,21.107292,-101.662055
8046,21.113475,-101.727712
8047,21.173268,-101.669162
8048,21.169738,-101.686828
8049,21.172279,-101.674575
8050,21.111571,-101.73453
8051,21.109759,-101.737062
8052,21.107738,-101.739852
8053,21.104935,-101.743178
8054,21.168771,-101.626556
8055,21.11918,-101.686575
8056,21.122209,-101.652881
8059,21.115177,-101.689011
8062,21.113256,-101.691167
8064,21.112035,-101.693216
8065,21.111174,-101.69489
8066,21.109953,-101.700126
8068,21.108752,-101.702207
8070,21.107551,-101.704224
8073,21.105529,-101.705141
8076,21.10638,-101.708113
8078,21.102926,-101.707454
8083,21.11562,-101.690032
8084,21.113928,-101.691652
8085,21.109925,-101.700976
8088,21.110626,-101.704495
8090,21.107773,-101.705439
8100,21.132511,-101.649085
8101,21.133217,-101.652615
8102,21.134153,-101.655619
8103,21.134793,-101.657958
8105,21.118965,-101.685698
8110,21.117352,-101.660712
8111,21.117483,-101.665894
8115,21.118028,-101.673085
8117,21.114535,-101.676904
8118,21.116217,-101.671004
8119,21.113895,-101.672839
8120,21.112294,-101.673954
8121,21.112514,-101.67698
8122,21.111493,-101.675306
8123,21.110923,-101.676325
8124,21.109682,-101.67699
8125,21.10737,-101.677623
8126,21.105019,-101.678299
8127,21.102497,-101.678943
8128,21.100054,-101.679372
8129,21.097412,-101.679286
8130,21.094329,-101.6792
8131,21.091646,-101.679114
8132,21.141382,-101.761227
8133,21.142313,-101.763588
8134,21.142383,-101.768974
8135,21.086333,-101.675019
8136,21.085623,-101.674676
8138,21.106083,-101.683996
8139,21.06187,-101.579927
8140,21.111791,-101.654724
8141,21.111591,-101.654605
8142,21.104987,-101.658841
8143,21.105115,-101.658524
8144,21.098878,-101.662643
8145,21.098704,-101.662463
8146,21.090829,-101.664798
8147,21.089564,-101.664935
8148,21.086467,-101.669757
8149,21.086126,-101.669568
8150,21.093315,-101.686966
8151,21.093092,-101.687089
8152,21.115981,-101.675454
8153,21.091819,-101.681527
8154,21.091771,-101.680764
8155,21.114822,-101.672271
8156,21.113555,-101.67307
8157,21.11301,-101.672899
8158,21.109865,-101.677062
8159,21.102001,-101.679233
8160,21.101696,-101.679109
8161,21.0964,-101.679455
8162,21.092019,-101.687261
8163,21.088543,-101.688634
8164,21.09149,-101.692325
8165,21.094064,-101.690463
8166,21.094416,-101.69551
8167,21.101911,-101.634861
8168,21.102902,-101.634433
8169,21.11556,-101.687153
8170,21.096368,-101.650513
8171,21.120763,-101.686963
8172,21.120738,-101.686951
8173,21.071607,-101.726377
8174,21.07292,-101.727304
8175,21.073354,-101.728891
8178,21.150981,-101.669927
8179,21.156225,-101.667515
8180,21.160387,-101.665387
8181,21.159119,-101.659045
8182,21.157166,-101.656573
8183,21.160116,-101.65483
8184,21.144872,-101.697195
8185,21.147145,-101.702637
8186,21.147625,-101.708044
8187,21.143399,-101.717194
8188,21.137891,-101.719357
8189,21.145624,-101.709727
8190,21.124017,-101.737902
8191,21.124757,-101.729509
8192,21.126399,-101.7279
8193,21.12847,-101.726087
8194,21.130572,-101.724392
8195,21.132683,-101.722697
8196,21.068668,-101.659289
8197,21.149141,-101.645784
8198,21.151053,-101.644475
8199,21.148388,-101.646309
8200,21.151353,-101.703203
8201,21.134926,-101.645308
8202,21.136887,-101.645523
8203,21.137187,-101.649943
8204,21.133523,-101.645875
8205,21.097527,-101.694089
8206,21.101903,-101.699944
8207,21.099101,-101.701918
8208,21.097458,-101.707441
8209,21.159079,-101.651924
8210,21.121599,-101.675227
8211,21.108258,-101.63027
8212,21.032468,-101.711583
8213,21.031637,-101.713944
8214,21.031767,-101.716315
8215,21.03389,-101.716969
8216,21.034872,-101.719898
8217,21.036334,-101.721507
8218,21.036504,-101.724157
8219,21.037565,-101.728041
8220,21.15505,-101.757747
8221,21.155565,-101.754475
8222,21.077661,-101.639638
8223,21.072016,-101.644988
8224,21.134564,-101.646111
8225,21.148396,-101.630403
8226,21.151721,-101.627086
8227,21.1498,-101.623996
8228,21.145642,-101.62905
8229,21.129169,-101.741744
8230,21.151938,-101.67195
8231,21.096082,-101.687609
8232,21.100927,-101.68748
8233,21.104951,-101.687352
8234,21.116853,-101.677348
8235,21.160347,-101.642321
8236,21.119938,-101.670062
8237,21.099839,-101.670669
8238,21.101866,-101.670014
8239,21.076762,-101.603597
8240,21.140216,-101.641966
8241,21.14044,-101.643412
8242,21.140325,-101.645131
8243,21.138254,-101.64658
8244,21.14714,-101.639048
8245,21.099032,-101.577945
8246,21.098657,-101.576558
8247,21.098106,-101.574702
8248,21.137678,-101.649191
8249,21.121972,-101.740681
8250,21.118906,-101.744866
8251,21.117235,-101.747114
8252,21.114339,-101.752108
8253,21.117336,-101.709745
8254,21.11598,-101.697181
8255,21.053288,-101.63247
8256,21.051936,-101.631671
8257,21.049874,-101.631553
8258,21.141494,-101.700059
