Colonia,Lon,Lat,Id
"JARDINES DEL SOL (37235)",-101.635563307301,21.1276250330689,1
"LA PIRAMIDE (37235)",-101.643148774896,21.1363961497626,2
"LEON I (37235)",-101.641335898133,21.1433536540479,3
"LEON I AMPL (37235)",-101.637667067981,21.1411452473553,4
"LOS ANGELES NORTE (37235)",-101.636853364991,21.1368715358927,5
"SAN MIGUEL DE RENTERIA NORTE (37235)",-101.642380332986,21.1267128327311,6
"CONJUNTO HAB SAN MIGUEL RUSTICO (37235)",-101.63207241521,21.1365932982422,7
"HACIENDA SAN MIGUEL (37235)",-101.633137115386,21.1311007823753,8
"SAN JUAN DE DIOS (37004)",-101.678181360681,21.1168131532045,9
"LEON CENTRO (37000)",-101.681060431394,21.1202021341213,10
"LUZ MARIA DIAZ INFANTE (37010)",-101.673461726677,21.1216080343833,11
"FRANCISCO LOZORNIO (37020)",-101.671583799253,21.1172310142,12
"TEPEYAC (37020)",-101.667857965573,21.1143498300806,13
"ACROPOLIS (37020)",-101.666937895268,21.1155020909488,14
"ANDRADE (37020)",-101.672470378805,21.1141086274113,15
"ECHEVESTE NORTE (37100)",-101.665836975796,21.1918830267803,16
"EL PALMAR (37100)",-101.674569911772,21.1720124630048,17
"FRACC PEDREGALES DE ECHEVESTE (37100)",-101.669738656614,21.189282726117,18
"HACIENDA ECHEVESTE (37100)",-101.66650748873,21.1808111843887,19
"HACIENDA ECHEVESTE PONIENTE (37100)",-101.673706054491,21.1712044023614,20
"JARDINES DE ECHEVESTE (37100)",-101.669558275094,21.1847563968902,21
"PEDREGALES DE ECHEVESTE (37100)",-101.667925649449,21.1896969979182,22
"PORTALES DE LA ARBOLEDA (37100)",-101.669316938426,21.1736765262507,23
"PRIVADA ECHEVESTE (37100)",-101.669696920876,21.1790002285778,24
"RINCONADA ECHEVESTE (37100)",-101.668184343033,21.1838211469284,25
"RIVERA DE LA PRESA (37100)",-101.673571197553,21.1773976816577,26
"SAN PEDRITO DE ECHEVESTE (37100)",-101.670904166294,21.1771229405713,27
"VILLAS DE ECHEVESTE (37100)",-101.665596069903,21.1826842221992,28
"CANTERITAS DE ECHEVESTE (37100)",-101.670137176789,21.1821640435358,29
"ECHEVESTE 2000 (37100)",-101.670515000867,21.1802554636188,30
"VALLE DE LOS CASTILLOS (37107)",-101.673802513075,21.1934072130725,31
"VALLE DE LOS CASTILLOS PONIENTE (37107)",-101.675782470385,21.1969235038167,32
"LAS TIRITAS IV (37107)",-101.674700030182,21.199483092171,33
"QUINTA LOS CASTILLOS (37107)",-101.671848137881,21.197625551478,34
"SAN NICOLAS DEL PALOTE (37108)",-101.675684665515,21.1848135937724,35
"SAN NICOLAS DEL PALOTE II (37108)",-101.675567335464,21.1867716687776,36
"VALLE HERMOSO I Y V (37108)",-101.677733090909,21.1873533970417,37
"VALLE HERMOSO II III Y IV (37108)",-101.673275366465,21.1835763244878,38
"NORTE DE VALLE HERMOSO (37108)",-101.672874061988,21.1922065291081,39
"PONIENTE DE VALLE HERMOSO (37108)",-101.676935501072,21.183430077636,40
"CIUDAD AURORA (37110)",-101.666257741601,21.1720532976216,41
"LAS AGUILAS (37118)",-101.663398027897,21.1699640933683,42
"CONJUNTO HAB HERNANDEZ ROUGON (37118)",-101.662297549093,21.170421268227,43
"JARDINES DEL VALLE (37118)",-101.663490891891,21.1680290293163,44
"EL PELUCHAN (37119)",-101.661255197969,21.1710039102023,45
"BOSQUES DEL REFUGIO (37123)",-101.71722142353,21.1563206962432,46
"PREDIO CERRO GORDO (37128)",-101.714134831557,21.1698258118118,47
"PUNTA CAMPESTRE (37128)",-101.694049879298,21.1632764432533,48
"REAL CAMPESTRE (37128)",-101.690547035217,21.1653402479541,49
"SEÑORA FRAUSTO (37128)",-101.697089705625,21.1687155411893,50
"CUMBRES DEL CAMPESTRE (37128)",-101.728939145525,21.1711680310798,51
"JARDINES DEL CAMPESTRE (37128)",-101.704303331434,21.1707007775189,52
"VILLAS DEL CAMPESTRE (37129)",-101.707338169221,21.1627425094593,53
"CERRO GORDO (37129)",-101.71854284058,21.160740731,54
"FRACC LAS ALAJITAS (37129)",-101.725638281082,21.1614233883787,55
"GRANJAS DEL ROSARIO (37130)",-101.683220638921,21.170869521811,56
"GRANJAS EL PALOTE (37130)",-101.692160086219,21.171564584438,57
"HACIENDA DEL CAMPESTRE (37130)",-101.68111938645,21.1672885212483,58
"JARDINES DE PALOTE (37130)",-101.679399596714,21.1731930983829,59
"RINCON DEL CAMPESTRE (37130)",-101.690968510588,21.166316417069,60
"EL PALOTE (37130)",-101.679760704193,21.1706860493218,61
"FRACC EL PALOTE (37130)",-101.692991654241,21.1687766411291,62
"LOMAS DE GRAN JARDIN (37134)",-101.719185014976,21.1911356200129,63
"PORTA FONTANA (37134)",-101.71145635103,21.1872817930204,64
"COLINAS DE GRAN JARDIN (37134)",-101.712963519451,21.1840870602697,65
"LA PATIÑA (37134)",-101.703753686483,21.1961046045439,66
"PORTONES DEL CAMPESTRE (37138)",-101.706776640629,21.1845273854306,67
"BALCONES DEL CAMPESTRE (37138)",-101.705676406441,21.1758763893839,68
"GRAN JARDIN (37138)",-101.711982983228,21.1814101031937,69
"VALLE REAL (37140)",-101.666262191447,21.1621842148297,70
"TABLAS DE LA VIRGEN (37140)",-101.664668157509,21.1651690161372,71
"VALLE DE LEON (37140)",-101.669545216039,21.1613111745711,72
"SAN JERONIMO SUR (37148)",-101.676445741078,21.1496333761794,73
"FRACCIONES DE LOS GOMEZ (37148)",-101.679297333905,21.1489628866279,74
"SAN JERONIMO II (37148)",-101.672475856575,21.1536187883764,75
"LOS CEDROS (37149)",-101.66897332366,21.1570035784524,76
"VALLE DEL SOL (37149)",-101.66781167297,21.1593241989527,77
"VALLE DEL CAMPESTRE (37150)",-101.694327333639,21.1554705041605,78
"CAÑADA DEL CAMPESTRE (37150)",-101.708654473625,21.1532725125165,79
"LOMAS DEL CAMPESTRE (37150)",-101.706016843003,21.1522314896915,80
"LA LLUVIA (37157)",-101.709184318202,21.1480637948083,81
"LOMAS DEL SOL (37157)",-101.711990883772,21.1489981823203,82
"CONJUNTO HAB EL PUEBLITO (37157)",-101.710470846053,21.1496503499837,83
"CONJUNTO RES LAS BRISAS (37157)",-101.709561562216,21.1492634274653,84
"LA ANTIGUA (37170)",-101.681957758744,21.1523870292381,85
"PORTONES DEL MORAL (37170)",-101.68013685733,21.1522271603552,86
"SUB ESTACION NORTE (37170)",-101.683387090842,21.1532803240278,87
"CASA BLANCA (37170)",-101.682372654674,21.1490352128049,88
"JULIAN CARRILLO (37170)",-101.683130709415,21.1520173485219,89
"LA PUERTA DE HIERRO (37178)",-101.679909100425,21.1581476357049,90
"PRIV REAL DE CAMELINAS (37178)",-101.677466817839,21.1562222447608,91
"REAL DE BUGAMBILIAS (37178)",-101.675311249914,21.1575534338439,92
"REAL DEL BOSQUE (37178)",-101.67835698119,21.1577172615424,93
"REAL DEL BOSQUE II (37178)",-101.674790868903,21.1588792449812,94
"SUR VALLE DEL MORAL (37178)",-101.67810812439,21.154087367538,95
"VALLE DEL MORAL (37178)",-101.676212090915,21.1553301658545,96
"HACIENDAS EL CARMEN (37178)",-101.672260959975,21.162943525923,97
"LA HACIENDA (37178)",-101.673941386386,21.1602251397784,98
"PEÑITAS (37180)",-101.682872840509,21.1438281957147,99
"PREDIO EL JUCAL (37180)",-101.686324541944,21.1531603868424,100
"FUTURAMA MONTERREY (37180)",-101.687059389679,21.1506350833425,101
"LAS MARGARITAS NORTE (37180)",-101.683745804325,21.1507011664257,102
"EL TRIANON (37188)",-101.679292697,21.1465135047945,103
"LOS REYES (37190)",-101.677768271489,21.1356869210147,104
"HEROES DE CHAPULTEPEC (37190)",-101.677242726571,21.1405883098027,105
"LA FLORIDA (37190)",-101.676000573967,21.1454414364732,106
"RINCON DE LA FLORIDA (37199)",-101.677443975959,21.1429268394022,107
"INDUSTRIAL DEL NORTE (37200)",-101.662132858944,21.1631265109797,108
"JARDINES DEL BOSQUE (37200)",-101.657221785357,21.1682793412187,109
"SAN JOSE DEL CONSUELO (37200)",-101.660493936246,21.161886685822,110
"SAN PABLO PONIENTE (37200)",-101.656628930681,21.1693969260274,111
"ARBOLEDAS DE IBARRILLA (37200)",-101.658380490767,21.1643662776816,112
"FRACCIONES DE SAN JOSE DEL CONSUELO (37200)",-101.656574960566,21.1661407848694,113
"HIDALGO DEL VALLE (37204)",-101.666372545457,21.1537654048496,114
"LAS TORRES DE SANTA ROSA (37204)",-101.658726148793,21.1494001217183,115
"MISION DE LA FLORIDA (37204)",-101.654614844999,21.1538375727458,116
"RES ALAMEDA (37204)",-101.657176474814,21.1505379304812,117
"SAN JERONIMO I (37204)",-101.670386422096,21.1503237821169,118
"SUR DE SAN JOSE DEL CONSUELO (37204)",-101.664650536193,21.1555450948303,119
"SUR VALLE DE SEÑORA (37204)",-101.660766695227,21.1532601945024,120
"VALLE DE LAS TORRES (37204)",-101.657042335535,21.1532303783793,121
"VILLA DE LAS TORRES (37204)",-101.660519787258,21.151244377626,122
"ABEDUL (37204)",-101.655602566805,21.1517753004898,123
"ALAMEDA DIAMANTE (VALLE DE SAN FDO) (37204)",-101.660861464885,21.1546599272139,124
"VALLE DE SEÑORA II (37205)",-101.650342010375,21.1580083999677,125
"VALLE DEL SENADO (37205)",-101.655289544277,21.1618643448637,126
"ARBOLEDAS DE SEÑORA (37205)",-101.653340185501,21.1564142239374,127
"VALLE DE SEÑORA (37205)",-101.655845794748,21.158800673912,128
"BRISAS DEL LAGO (37207)",-101.650600032166,21.17299747965,129
"EL PENITENTE (37207)",-101.637225545822,21.1810271484842,130
"EL VALLADITO (37207)",-101.642602763207,21.1748896190607,131
"EL VIVERO (37207)",-101.648688101375,21.1804040469093,132
"ENTRE PRESITAS (37207)",-101.635683640188,21.1713550459986,133
"ESCONDIDA DE LA SELVA (37207)",-101.62852578134,21.1730546243714,134
"FRACCIONES DE IBARRILLA (37207)",-101.638458707903,21.1809593405012,135
"HACIENDA DE IBARRILLA (37207)",-101.643117313913,21.1781037555839,136
"HACIENDA DE IBARRILLA II (37207)",-101.641412997012,21.1775025830778,137
"IBARRILLA (37207)",-101.652720774744,21.1843903584283,138
"IBARRILLA PONIENTE (37207)",-101.650961692728,21.18839436231,139
"JOSE MARIA MORELOS (37207)",-101.637767316309,21.1743229841185,140
"LA SELVA II (37207)",-101.633341376603,21.1741601303858,141
"LAS PRESITAS DEL CONSUELO (37207)",-101.640095034258,21.1719949568019,142
"LAS PRESITAS I (37207)",-101.638875664181,21.1733376742943,143
"LAS PRESITAS II (37207)",-101.634777388865,21.1723466447819,144
"LAURELES DE LA SELVA (37207)",-101.631802529563,21.1730615419567,145
"LOMAS DE LA SELVA (37207)",-101.631060599667,21.1765134160614,146
"LOMAS DE LAS PRESITAS (37207)",-101.636590195481,21.1720626901411,147
"PALENQUE DE IBARRILLA (37207)",-101.642094969108,21.1808820437714,148
"RIVERA DEL CARMEN (37207)",-101.638984175479,21.1829200990833,149
"SAN PABLO (37207)",-101.645320988373,21.1713147806527,150
"SAN PABLO NORTE (37207)",-101.64113649955,21.1685928134077,151
"SAN PABLO SUR I (37207)",-101.648782341332,21.1649544630781,152
"SAN PABLO SUR II (37207)",-101.643147526637,21.1616128602453,153
"UNION COMUNITARIA LOS LAURELES (37207)",-101.632616272123,21.1713812189681,154
"VALLE DEL CONSUELO (37207)",-101.642151987924,21.1698672264914,155
"VILLA DE LA ROSA (37207)",-101.65538211869,21.1722986011995,156
"8 DE MARZO (37207)",-101.637899176706,21.169901219066,157
"ARBOLEDAS DE LA LUZ (37207)",-101.651392059696,21.1784291680717,158
"NUEVO LEON (37208)",-101.659048175333,21.1887683220005,159
"QUINTA SAN LORENZO (37208)",-101.66137947888,21.1749583092786,160
"SAN JAVIER (37208)",-101.663058720883,21.1907804273749,161
"TAJO DE SAN JAVIER (37208)",-101.663026954131,21.1895404871038,162
"VILLA MAGNA (37208)",-101.660544560883,21.1761873389746,163
"VILLA MAGNA 2DA SECC (37208)",-101.659000841316,21.1766042466887,164
"FRACCIONES DE ECHEVESTE (37208)",-101.661347645577,21.1785398584278,165
"LOMAS DE ECHEVESTE (37208)",-101.656289567909,21.178412332763,166
"CAÑON DE LA INDIA (37209)",-101.656032946363,21.1928770456392,167
"CANTARRANAS (37209)",-101.655677949777,21.1956817145395,168
"CASTILLOS VIEJOS (37209)",-101.668016254347,21.2002962222929,169
"EL CASTILLO (37209)",-101.661428482039,21.1936299004996,170
"EL CASTILLO PONIENTE (37209)",-101.663199663534,21.1946078934396,171
"EL CUARENTENO (37209)",-101.676746252238,21.2041234212589,172
"LA INDIA (37209)",-101.65869621306,21.1923418806733,173
"LA LOMITA (37209)",-101.657630166599,21.1951822859338,174
"LOMAS DE GUADALUPE (37209)",-101.652096935725,21.193601716646,175
"LOMAS DE LOS CASTILLOS (37209)",-101.678010913972,21.2059604852882,176
"LOS ARRAYANES (37209)",-101.673084874767,21.2050809006631,177
"LOS CASTILLOS (37209)",-101.6711754333,21.2022454542644,178
"LOS CASTILLOS NORTE (37209)",-101.667161196032,21.20508688745,179
"PASO DEL RIO DE LOS CASTILLOS (37209)",-101.665144990649,21.1974468696773,180
"REAL DEL CASTILLO (37209)",-101.680885782153,21.2115025906721,181
"RIVERA DE LOS CASTILLOS (37209)",-101.665790416095,21.2029627148574,182
"SALSIHUILES (37209)",-101.66521115647,21.2087173408327,183
"SAN ISIDRO AZTECA (37209)",-101.674776265712,21.2068965725189,184
"SAN ISIDRO LABRADOR (37209)",-101.672902764751,21.2065837910092,185
"VALLE DE LAS TORONJAS (37209)",-101.677029889418,21.2108457276483,186
"VISTA AEREO LOS CASTILLOS (37209)",-101.667397116983,21.2081176863822,187
"ADQUIRIENTES DE IBARRILLA (37209)",-101.653548544929,21.1909776235186,188
"ARBOLEDAS DE LOS CASTILLOS II (37209)",-101.676128167981,21.2070584369973,189
"LAS HUERTAS DE SAN BERNARDO (37210)",-101.627158326196,21.1575687636876,190
"LOS NARANJOS (37210)",-101.63722121109,21.1569492926758,191
"POBLADO LOS NARANJOS (37210)",-101.627954126382,21.1665765648567,192
"PRADERAS DE SANTA ROSA (37210)",-101.649063840824,21.1514070434004,193
"RIVERA DE SAN BERNARDO (37210)",-101.632197643107,21.1530109033306,194
"SAN BENIGNO (37210)",-101.6472824835,21.1505287735841,195
"SAN BERNARDITO (37210)",-101.633099721575,21.1585517739452,196
"SAN BERNARDO NORTE (37210)",-101.630735193474,21.1656652971158,197
"SANTA CRUZ (37210)",-101.628588497361,21.170371765045,198
"SANTA ROSA DE LIMA (37210)",-101.652231495887,21.1518407855239,199
"SANTA ROSA DE LIMA IVEG (37210)",-101.649502004014,21.1492049607404,200
"SANTA ROSA DE LIMA SUR (37210)",-101.650242267467,21.1473761452929,201
"SUR LOS NARANJOS (37210)",-101.642086623399,21.1548506194605,202
"VALLE DE LOS NARANJOS (37210)",-101.633794470339,21.1566884020482,203
"VALLE DE SAN BERNARDO (37210)",-101.630653971204,21.1558311691732,204
"VILLA CONTEMPORANEA (37210)",-101.647026177616,21.1524335232885,205
"VILLAS VASCO DE QUIROGA (37210)",-101.655759761104,21.1491508629221,206
"COUNTRY CLUB LOS NARANJOS (37210)",-101.639330535876,21.1614950265742,207
"FRACC REAL DE LOS NARANJOS (37210)",-101.634336968376,21.1626854681599,208
"SAN JOSE DEL CONSUELO II (37217)",-101.649206556038,21.1555884052808,209
"LOS PIRULES (37217)",-101.645295400862,21.1543951838907,210
"RES VICTORIA (37217)",-101.6464217019,21.1552069650294,211
"FRACC SAN JOSE 2DA SECC (37218)",-101.647079133295,21.1613202406367,212
"FRACCIONES SAN JOSE DEL CONSUELO I (37218)",-101.649445755018,21.1626257261964,213
"MISION DE SAN JOSE (37218)",-101.646711238633,21.1598650539291,214
"REAL DE SAN JOSE (CONSERVATORIO) (37218)",-101.649064729354,21.1605840295294,215
"RINCONADA DEL NORTE (37218)",-101.651160959111,21.1644473533627,216
"CONDADO (37218)",-101.651772760704,21.1619094485623,217
"CONJUNTO HAB SAN JOSE (37218)",-101.647784850191,21.1604915558407,218
"SAN ANTONIO DEL ALAMBRADO (37230)",-101.661043347373,21.138345200071,219
"JARDINES DE PROVIDENCIA (37230)",-101.658942475315,21.1381510094616,220
"RINCONADA DE LAS FLORES (37230)",-101.65736414354,21.1389387463261,221
"LA ESPERANZA DE ALFARO (37233)",-101.605265063032,21.1388777147348,222
"ALFARO (37233)",-101.607410550457,21.1508807259648,223
"LA CAPILLA DE ALFARO (37233)",-101.608491032835,21.1447769552923,224
"PROVIDENCIA (37234)",-101.656858862147,21.1416795471734,225
"REAL PROVIDENCIA (37234)",-101.653926675676,21.1380934222736,226
"REAL PROVIDENCIA II (37234)",-101.65644408043,21.1338605544211,227
"SAN ANTONIO DEL ALAMBRADO NORTE (37234)",-101.659083353214,21.1404676099922,228
"BOSQUES DEL VALLE (37234)",-101.656297095235,21.1396038210596,229
"MISION PROVIDENCIA (37234)",-101.65726332864,21.1399913488218,230
"PRESIDENTES DE MEXICO (37236)",-101.650593859219,21.1422204543106,231
"BENITO JUAREZ (37236)",-101.64883406494,21.1398625263346,232
"LINARES (37236)",-101.65589889162,21.1433149004623,233
"UNIDAD DEPORTIVA (37237)",-101.654256539807,21.1454065589656,234
"ANGELES Y MEDINA (37238)",-101.628343037301,21.140278189387,235
"BRISAS DEL VERGEL (37238)",-101.62804585813,21.1532980118938,236
"CAÑADA DE ALFARO (37238)",-101.628822616071,21.1463511304004,237
"EL PEÑON (37238)",-101.613036036484,21.1466974161529,238
"FRACCIONES DE CAÑADA DE ALFARO (37238)",-101.61790163765,21.1334223066942,239
"FRACCIONES DE MESA MEDINA (37238)",-101.625619620349,21.1440317257836,240
"HACIENDA DE GUADALUPE (37238)",-101.62948124986,21.1521490056721,241
"HACIENDA DE LOS NARANJOS (37238)",-101.63101533409,21.1512412299988,242
"HACIENDA SANTA FE (37238)",-101.62217431849,21.1302753801048,243
"HACIENDA SANTA FE 2DA SECC (37238)",-101.617666283272,21.128330551214,244
"JARDINES DE MARAVILLAS (37238)",-101.631693322189,21.1495537529034,245
"LAS MARAVILLAS (37238)",-101.630897551681,21.1463462632695,246
"LOMA DE LOS NARANJOS (37238)",-101.627201062879,21.1552100209258,247
"LOMAS DE MEDINA (37238)",-101.619351778262,21.1467469750929,248
"MARAVILLAS II (37238)",-101.629373504783,21.1486135737575,249
"MARAVILLAS III (37238)",-101.633151402915,21.145140801207,250
"MEDINA (37238)",-101.622220869198,21.152157916155,251
"PASEO DE MARAVILLAS (37238)",-101.630933625287,21.1411072842738,252
"PIA MONTE (37238)",-101.62073416395,21.125592493299,253
"PRADO HERMOSO (37238)",-101.635746089111,21.1509203824697,254
"TERRACOTA (37238)",-101.61935272255,21.1247820179758,255
"AMPL MARAVILLAS (37238)",-101.631718215423,21.1445468304719,256
"AMPL MEDINA (37238)",-101.615939885317,21.1510669962449,257
"UNION COMUNITARIA DE LEON (37239)",-101.645442397748,21.1448420266383,258
"REVOLUCION (37239)",-101.644761136117,21.1462343462381,259
"UNIDAD DEPORTIVA II (37239)",-101.643732833304,21.1501680024514,260
"PALOMARES (37240)",-101.669564403974,21.130848125041,261
"POPULAR ANAYA (37240)",-101.669113146654,21.1370576793685,262
"SAN AGUSTIN (37240)",-101.673360447726,21.1364919185672,263
"SANTA FE (37240)",-101.67580424477,21.1293433317294,264
"UNIDAD HAB LA BRISA (37240)",-101.670980270523,21.1317769556421,265
"LA BRISA (37240)",-101.672826031896,21.1323553923875,266
"MICHOACAN (37240)",-101.676113658319,21.1330625742784,267
"EL LUCERO (37249)",-101.667854501384,21.1362575903156,268
"SAN FELIPE DE JESUS (37250)",-101.650255072014,21.1314231866308,269
"EL CORTIJO (37250)",-101.660742236365,21.1359659033038,270
"LA CARMONA (37250)",-101.662332915831,21.1327512667576,271
"UNIDAD Y ESFUERZO POPULAR (37258)",-101.643918697989,21.1349880353696,272
"LOS ANGELES (37258)",-101.643154590812,21.1311649813788,273
"LOS PORTONES (37258)",-101.636924837711,21.1307323661059,274
"SAN MANUEL (37259)",-101.653652658543,21.1321756197091,275
"FRACC EX HACIENDA MORENA (37260)",-101.658065196552,21.129589167706,276
"KILLIAN (37260)",-101.659590151764,21.1232177084306,277
"LA CANDELARIA (37260)",-101.658672436783,21.1279009459719,278
"LAS JOSEFINAS (37260)",-101.663433858686,21.1222734913286,279
"LOS PINITOS (37260)",-101.661041668338,21.1289774209712,280
"NUEVA CANDELARIA (37260)",-101.662504734006,21.1295969936064,281
"ORIENTE KILLIAN (37260)",-101.656522103812,21.1242460346268,282
"CONJUNTO HAB VALTIERRA (37260)",-101.6554066459,21.1289090446168,283
"EL COECILLO (37260)",-101.66773513257,21.1262433371603,284
"LOS GAVILANES (37266)",-101.660483058946,21.1188616793231,285
"CONJUNTO ESTRELLA (37266)",-101.664898986499,21.1200755464494,286
"ESPAÑITA (37266)",-101.659762158797,21.1206704308957,287
"LA MORA (CRUZ DE CANTERA) (37267)",-101.673145218377,21.1263349564931,288
"LAS FUENTES (37270)",-101.65762341359,21.119032302299,289
"RINCON DE BUGAMBILIAS (37270)",-101.649295716624,21.1176228200372,290
"BUGAMBILIAS (37270)",-101.65295493842,21.117378068643,291
"EL REFUGIO (37270)",-101.647801455273,21.1178153747798,292
"27 DE SEPTIEMBRE (37277)",-101.64489970096,21.1224065469247,293
"CONSTITUYENTES DE GUANAJUATO (37277)",-101.643812497948,21.1233304033755,294
"POPULAR LA LUZ (37278)",-101.644801527369,21.1211171610282,295
"PORTONES DE SAN PEDRITO (37278)",-101.644578054833,21.121453964329,296
"PUEBLO NUEVO (37278)",-101.642716236965,21.1227557608697,297
"SAN MIGUEL DE RENTERIA (37278)",-101.646035920621,21.1229463811706,298
"SAN PEDRO PLUS (37278)",-101.639058330877,21.1234371259227,299
"VILLA DE LAS FLORES (37278)",-101.65209329437,21.1222744760863,300
"BOSQUES DE LA RENTERIA (37278)",-101.64775158157,21.1230660179824,301
"INCA (37278)",-101.642284637926,21.1236382152315,302
"VILLAS DE LA LUZ (37279)",-101.65200245385,21.1219121518244,303
"LAS ROSAS (37279)",-101.651370282612,21.1244448297651,304
"MISION DE LA LUZ (37279)",-101.651748662471,21.1208013568972,305
"SAN PEDRO DE LOS HERNANDEZ (37280)",-101.638994670568,21.1208797687863,306
"SAN PEDRO DE LOS HERNANDEZ NORTE I (37280)",-101.63721030681,21.1262208388207,307
"ARBOLEDAS DE SAN PEDRO (37280)",-101.638358245537,21.1219523623117,308
"RINCONADA DE SAN PEDRO (37280)",-101.634860443954,21.1205122329532,309
"VALLE DE SAN PEDRO (37287)",-101.631667980193,21.1265514727723,310
"ZONA CLUB DEPORTIVO (37287)",-101.631263272682,21.1204754201046,311
"FRACCIONES DEL CRESPO (37287)",-101.627239647392,21.1155124304544,312
"RES SAN ANGEL (37287)",-101.629435050787,21.1173095924638,313
"FRACC PORTON DE BUGAMBILIAS (37289)",-101.645546317109,21.1162816394861,314
"FRACCIONES SAN PEDRO (37289)",-101.632275817575,21.1146557767428,315
"GRANJAS CERES (37289)",-101.634921651813,21.1133328578252,316
"LA HACIENDITA (37289)",-101.639027341139,21.1152993109145,317
"RES NIZA (37289)",-101.644122203777,21.1144423919029,318
"RES VILLAS BUGAMBILIAS (37289)",-101.646630555056,21.1149646210205,319
"RES VILLAS DE GUADALUPE (37289)",-101.644275796291,21.1139015261346,320
"SAN JORGE (37289)",-101.63697556577,21.1156224229365,321
"BARRIO DE GUADALUPE (37289)",-101.642975641013,21.1130644605565,322
"FRACC HACIENDA DE BUGAMBILIA (37289)",-101.645786776938,21.1168537683868,323
"EL CARMEN (CTM) (37296)",-101.601943175137,21.1192907782469,324
"EL VERGEL (JESUS MARIA) (37296)",-101.60069351949,21.1322402243069,325
"FRACCIONES JESUS MARIA (37296)",-101.611797117843,21.1231343772498,326
"HACIENDA SAN ANGEL (37296)",-101.617797034805,21.1238866547454,327
"MAGISTERIAL (37296)",-101.62157039226,21.1175849450892,328
"PEDREGAL DEL GIGANTE (37296)",-101.61680827698,21.124651674735,329
"SAN JOSE DEL POTRERO (37296)",-101.598287440013,21.1281994921129,330
"DESARROLLO EL POTRERO (37296)",-101.599827284402,21.1234526707042,331
"EJIDO LEON (37296)",-101.600622291386,21.1279430180559,332
"BRISAS DE SAN FRANCISCO (37297)",-101.597457435912,21.099534603739,333
"BRISAS DE SAN NICOLAS (37297)",-101.604337933049,21.1033529551748,334
"BRISAS DEL CAMPO (37297)",-101.613076618391,21.1086696068169,335
"BRISAS DEL CAMPO II (37297)",-101.606826800516,21.107639502661,336
"BRISAS DEL CARMEN (37297)",-101.601439997258,21.104843382716,337
"FRACC AGUA AZUL III (37297)",-101.610650941788,21.1038786610714,338
"INDUSTRIAL BRISAS DEL CAMPO (37297)",-101.62037943896,21.1072544480344,339
"INDUSTRIAL LA CAPILLA (37297)",-101.622176481359,21.1112558258957,340
"LUCERO (37297)",-101.59802183514,21.0979546235071,341
"PORTON DE LOS GIRASOLES (37297)",-101.616030149372,21.107097255534,342
"RES BRISAS DEL CARMEN (37297)",-101.603539459179,21.1082884003894,343
"VALLE DE LA LUZ (37297)",-101.601468749483,21.101358089804,344
"AGUA AZUL (37297)",-101.614082958861,21.1037982571839,345
"AGUA AZUL NORTE (37297)",-101.612278898153,21.1108375745944,346
"PUNTO VERDE (37298)",-101.635823035105,21.1077379838209,347
"EL CARMEN (37299)",-101.608018396832,21.116814866413,348
"FRACC RIO GRANDE (37299)",-101.600696467468,21.1076226259834,349
"FRACC VILLAS DEL ROCIO (37299)",-101.594976102065,21.0951670336318,350
"MARSOL II (37299)",-101.589482519603,21.1049410778685,351
"MEZQUITAL DEL CARMEN (37299)",-101.60005648292,21.1136766830326,352
"NUEVO AMANECER (37299)",-101.603880767184,21.1170853555048,353
"PEDREGAL DEL CARMEN (37299)",-101.607002322999,21.1134562061391,354
"PIEDRA AZUL 1RA SECC (37299)",-101.596212838951,21.0955267021956,355
"PIEDRA AZUL 2DA SECC (37299)",-101.59385140272,21.1011611130949,356
"PORTONES DEL CARMEN (37299)",-101.603583062808,21.1122160302456,357
"PRADOS DE LA LUZ (37299)",-101.59597124148,21.1066066231971,358
"PRADOS DE SAN NICOLAS (37299)",-101.597591952906,21.0947261697769,359
"RES EL CARMEN (37299)",-101.612152167488,21.1145225718593,360
"RES EL CARMEN 2DA SECC (37299)",-101.608468754829,21.1193023678101,361
"RES SAN CARLOS (37299)",-101.616296667957,21.1143592666669,362
"VALLE DEL CARMEN (37299)",-101.596663424477,21.1173792530502,363
"VILLA GRANDE (37299)",-101.595936203893,21.1190659018699,364
"VILLAS DE GUANAJUATO (37299)",-101.594736332016,21.0974926858389,365
"VILLAS DEL CARMEN (37299)",-101.599155194956,21.1149087866112,366
"AMPL DEL CARMEN (37299)",-101.597995682854,21.1178532425332,367
"COLINAS DEL CARMEN (37299)",-101.598521998491,21.116051942743,368
"LINDAVISTA (37300)",-101.704311579116,21.1450216761095,369
"LOMAS DE LA TRINIDAD (37300)",-101.69562440784,21.1413277476775,370
"GRANADA (37306)",-101.699500875265,21.1447124514186,371
"INFONAVIT GRANADA (37306)",-101.699708174393,21.1425313445459,372
"PILETAS I Y II (37310)",-101.703923649357,21.1388280460775,373
"PILETAS III (37316)",-101.712370018162,21.1391062378626,374
"PILETAS IV (37316)",-101.716523562213,21.1403197848302,375
"FRACCIONES SAN JOSE DE LAS PILETAS (37317)",-101.718123471421,21.1450046375541,376
"PANORAMICO (37317)",-101.72259273057,21.1387010132412,377
"DESARROLLO BALEARES (37318)",-101.711235017982,21.1429885661694,378
"SAN JOSE OBRERO (37319)",-101.701331203372,21.1408276994388,379
"OBREGON (37320)",-101.683009652573,21.1316470099017,380
"EL DURAZNAL (37320)",-101.681191007559,21.1378321827091,381
"HIDALGO (37320)",-101.688483601937,21.1343398517029,382
"BARRIO DE SANTIAGO (37327)",-101.676217420298,21.1257928505597,383
"SAN ANTONIO (37328)",-101.695004613972,21.1372783954816,384
"LOS PARAISOS (37328)",-101.689741431522,21.1393729372113,385
"MODERNA (37328)",-101.691104841515,21.1355884056804,386
"SAN JUAN BOSCO (VISTA HERMOSA) (37330)",-101.710286525503,21.1349547847356,387
"ESPAÑA (37330)",-101.70020359472,21.1336805317312,388
"LOMAS VISTA HERMOSA SUR (37330)",-101.7095849311,21.1291356512893,389
"INDUSTRIAL (37340)",-101.693573676584,21.1326023381275,390
"OBRERA (37340)",-101.690337280041,21.1270413532759,391
"CHAPALITA (37340)",-101.69983773972,21.1278355643599,392
"FATIMA (37340)",-101.699273443015,21.1241109060935,393
"RICARDO FLORES MAGON (37350)",-101.71341776162,21.1206042048203,394
"SAN MARTIN DE PORRES (37350)",-101.71047992291,21.1243460949963,395
"CHALET LA CUMBRE (37353)",-101.720108919091,21.1224630801071,396
"CIMA DIAMANTE (37353)",-101.720492425085,21.1325019863776,397
"COLINA REAL (37353)",-101.728942432547,21.1374610019237,398
"COMPLEJO LA CIMA (37353)",-101.7234541354,21.1219878135868,399
"EL CERRITO AMARILLO (37353)",-101.732330697604,21.1348157540439,400
"EL OBSERVATORIO (37353)",-101.725883913812,21.1351218221145,401
"EL PARAISO (37353)",-101.725459463483,21.1321733237399,402
"FRUTAL DE LA HACIENDA 1RA SECC (37353)",-101.734796202483,21.14147489565,403
"FRUTAL DE LA HACIENDA 2DA SECC (37353)",-101.736806305966,21.1381998471453,404
"JOL GUA BER (37353)",-101.71704285954,21.1227776036036,405
"LA CRUZ DE LAS HILAMAS (37353)",-101.718576841248,21.1342824596678,406
"LAS JOYAS SUR (37353)",-101.732804566577,21.1226778535002,407
"LOMAS DE LA PAZ (37353)",-101.730029060892,21.1275382125185,408
"LOMAS DEL EDEN (37353)",-101.728242706935,21.1345832001546,409
"MISION SANTA FE (37353)",-101.718844564925,21.1247265954561,410
"PALMAS 2000 (37353)",-101.718112753301,21.1204843566678,411
"PASEOS DE LA CIMA 1RA SECC (37353)",-101.728796070582,21.1235887372305,412
"PASEOS DE SAN ANGEL I (37353)",-101.725189282859,21.1208070990684,413
"PEDREGAL DEL SOL (37353)",-101.732409974641,21.1284874469382,414
"REAL DE LEON (37353)",-101.719729855748,21.1273914188789,415
"RES EL FARO (37353)",-101.722783162013,21.1290575793439,416
"SAN PEDRO LA JOYA (37353)",-101.728729899365,21.1415902741718,417
"VALLE DE SAN PEDRO LA JOYA (37353)",-101.727527779184,21.141762229943,418
"VIBAR (37353)",-101.716579196073,21.1287217014454,419
"VILLA ANTIGUA (37353)",-101.723994794324,21.125745230558,420
"CAMINO REAL DE LA JOYA (37353)",-101.725674294433,21.1374851010566,421
"CERRITO DE GUADALUPE (37353)",-101.736076309174,21.131265945567,422
"BALCONES DE LA JOYA 2DA SECC (37355)",-101.752085581584,21.1309474884359,423
"COLINAS DE LA HACIENDA (37355)",-101.747812148012,21.1282960532203,424
"CONVIVE (37355)",-101.744249852449,21.1246196885479,425
"EL RENACIMIENTO (LA ESPERANZA) (37355)",-101.745934743094,21.1343971529063,426
"LA PERLITA (37355)",-101.743586984652,21.1370742421826,427
"PASEOS DE LA JOYA (37355)",-101.746585935892,21.1383009327419,428
"REAL 2000 (37355)",-101.740720782338,21.1243153318871,429
"SAUCILLO DE LA JOYA (37355)",-101.757807104414,21.1332477006209,430
"BALCONES DE LA JOYA (37355)",-101.744966626509,21.1313451632487,431
"BALCONES DE LA JOYA 1RA SECC (37355)",-101.746873643404,21.1357233354636,432
"JOYAS DE LA LOMA (37356)",-101.751247928749,21.1351799408017,433
"EL PATO (LOMA DEL LAUREL) (37358)",-101.744677829918,21.1807776747499,434
"FRACC PASEOS DEL COUNTRY (37358)",-101.735171465291,21.1572690385353,435
"HORIZONTE AZUL (37358)",-101.733259990456,21.1450300380059,436
"LA ERMITA 1RA SECC (37358)",-101.734993375244,21.1486923921402,437
"LA ERMITA 2DA SECC (37358)",-101.7311961264,21.1496831626479,438
"LA ERMITA 3RA SECC (37358)",-101.736059909137,21.1467432653894,439
"LOMAS DEL MIRADOR (37358)",-101.733711660565,21.153218296887,440
"PRESA DE LA JOYA (37358)",-101.738068681624,21.1474519203699,441
"RINCON DE LA JOYA (37358)",-101.738922847811,21.1462997260516,442
"CAÑADA DEL REFUGIO (37358)",-101.726601681622,21.1512949941687,443
"EJIDO LA JOYA (LA JOYA) (37358)",-101.738208512713,21.1438987700123,444
"ARBIDE (37360)",-101.69453802501,21.1220780605541,445
"BELLAVISTA (37360)",-101.689350150889,21.1210872792546,446
"LA MERCED (RAMIREZ GARCIA) (37364)",-101.691512879216,21.1143666105307,447
"VILLA RES ARBIDE (37366)",-101.69457595032,21.1191740228629,448
"LOMAS DE ARBIDE (37368)",-101.705326619628,21.1224691064642,449
"CUMBRES DE ARBIDE (37369)",-101.70327741542,21.1238494569869,450
"LOS FRESNOS (37390)",-101.689641747968,21.1050640403732,451
"SAN MIGUEL (37390)",-101.683492170327,21.1048132967962,452
"LAS AMERICAS (37390)",-101.695083549266,21.1080006649987,453
"LOS AGUACATES (37390)",-101.680647684843,21.1002936099622,454
"JUAN VALLE (37399)",-101.678453536002,21.1070155098579,455
"ISLAS DE LEON (37400)",-101.721907389614,21.1165044932878,456
"LOMAS DEL VALLE (37400)",-101.727741373565,21.1212828458267,457
"PEDREGAL SATELITE (37400)",-101.726045567849,21.1163505239576,458
"PREDIO CIUDAD SATELITE (37400)",-101.721293176039,21.1093127722667,459
"CIUDAD SATELITE (37400)",-101.721190132619,21.1185038570674,460
"COLINAS DE SAN FRANCISCO (37400)",-101.718600394493,21.1043069434107,461
"CALAFIA (37408)",-101.739334052025,21.1052626493519,462
"IMPERIO AZTECA (37408)",-101.742310306176,21.1020047904888,463
"LA AZTECA (37408)",-101.743491292289,21.105509604085,464
"LEON II (37408)",-101.731871322104,21.1089206462709,465
"LOMA DE LOS ASTILLEROS (37408)",-101.740217464165,21.1090782605534,466
"LOMAS DEL PEDREGAL (37408)",-101.736205736006,21.1118685331064,467
"PASEOS DE MIRAVALLE (37408)",-101.727750489993,21.1149645733564,468
"PASEOS DE MIRAVALLE II (37408)",-101.726259579516,21.1185141704926,469
"ROSALES (37408)",-101.742729665442,21.1042926046201,470
"VALLE IMPERIAL 1RA SECC (37408)",-101.738799767495,21.1099947155837,471
"BALCONES DE LAS HILAMAS (37408)",-101.728679569706,21.1182184518202,472
"BARRANCA DE VENADEROS (37408)",-101.739611255455,21.1133634221842,473
"RINCON DE LOS OLIVOS (37410)",-101.705583967826,21.1146575735882,474
"SAN MARCOS (37410)",-101.714043071031,21.115873896763,475
"JOHN F KENNEDY (37410)",-101.705749338761,21.1167596156638,476
"LOS OLIVOS (37410)",-101.70225138969,21.1124526130977,477
"LA PIEDRERA (37414)",-101.701924631816,21.1138529024895,478
"LOMAS DE LOS OLIVOS (37415)",-101.707933931406,21.1151620689744,479
"CUMBRES DE LA PISCINA (37416)",-101.706925065639,21.108696532519,480
"SAN BERNARDO (DEL COSMOS) (37416)",-101.707584308269,21.1094862640799,481
"HACIENDA LAS MANDARINAS (37417)",-101.709323987412,21.1107067052503,482
"LA CAÑADA (37418)",-101.735684146306,21.1093378318755,483
"BUENAVISTA (37420)",-101.696974756979,21.1104083515642,484
"LOMA BONITA (37420)",-101.695183278685,21.116326618179,485
"LAS PALMAS (37425)",-101.700268512282,21.1170441018039,486
"VILLA DEL PALMAR (37425)",-101.702508557124,21.1158280304393,487
"VALLE DE ARBIDE (37426)",-101.706464665812,21.1202132434465,488
"BALCONES DE ARBIDE (37426)",-101.700565213913,21.1216309275254,489
"MIRADOR DE ARBIDE (37426)",-101.702258175974,21.1188852460573,490
"EL SALTO (37428)",-101.708355666681,21.1178980989182,491
"VALLE DEL ROCIO (37428)",-101.709495393697,21.1177407526337,492
"COLINAS DE LEON (37430)",-101.726794355975,21.1015639194394,493
"LAS HUERTAS (37430)",-101.725168925805,21.0993591559004,494
"LA LUCITA (37434)",-101.738946205903,21.0910897988552,495
"RESERVA TERRITORIAL (37434)",-101.736677408835,21.0953518730905,496
"BETANIA (37434)",-101.737169856004,21.0919377929948,497
"CAMPO VERDE (37434)",-101.740617918782,21.0907267794174,498
"MONTE DE CRISTO (37436)",-101.734255261171,21.0968679331087,499
"MONTE DE CRISTO ORIENTE (37436)",-101.731215767594,21.0976604102997,500
"GRANJAS CAMPESTRE (37440)",-101.715576676822,21.1022834661091,501
"LA PISCINA KILOMETRO 3 5 (37440)",-101.718950833314,21.0990438859666,502
"SANTA RITA DE LOS NARANJOS (37444)",-101.706993944715,21.1061671550902,503
"LA PISCINA CTM (37444)",-101.709678812227,21.1044003487971,504
"LOMAS DE LA PISCINA (37444)",-101.704168957431,21.1072087624744,505
"PLANTA DE PEMEX (37446)",-101.712343076272,21.0987218549297,506
"LOS LAURELES (37446)",-101.712488061375,21.1033453792859,507
"PEMEX ORIENTE (37446)",-101.709932655767,21.0999844230427,508
"LOS LIMONES (37448)",-101.700376543343,21.1076948127654,509
"PORTALES DE SAN SEBASTIAN (37448)",-101.706937961018,21.1013550366057,510
"EL MASTRANZO (37450)",-101.708981950956,21.0889351994999,511
"LOS PROPIOS Y SOLARES (37450)",-101.69644295278,21.0969630993676,512
"PLAZA DE TOROS I (37450)",-101.694069159864,21.1012452959337,513
"PLAZA DE TOROS II Y III (37450)",-101.696856858557,21.0991619813404,514
"RIO ESCONDIDO (37450)",-101.698120568809,21.0947801443882,515
"SAN SEBASTIAN (37450)",-101.697778758983,21.1038175440445,516
"SANTA RITA (37450)",-101.703256511579,21.1009213763205,517
"SUR SAN SEBASTIAN (37450)",-101.703415887633,21.0968658017154,518
"CENTRO BODEGUERO ROBLES (37450)",-101.701630734271,21.1045297522463,519
"DEPORTIVA J J RODRIGUEZ (37450)",-101.704140385071,21.1029650703817,520
"SAN IGNACIO (37456)",-101.700560673236,21.0978556486193,521
"VALLE DE ALBORADA (37456)",-101.704345045587,21.0985356422062,522
"CONJUNTO HAB SAN LUIS (37458)",-101.688166124167,21.0961528506735,523
"LA LUZ (37458)",-101.690489734913,21.0959099923523,524
"JARDINES DE SAN SEBASTIAN (37459)",-101.700838213912,21.1008205443327,525
"JARDINES DE SAN SEBASTIAN II (37459)",-101.698301828966,21.1003224683073,526
"VILLANUEVA (37460)",-101.688665175058,21.101312283735,527
"FRACCION DE SAN NICOLAS (37477)",-101.675618604015,21.0909709516482,528
"JARDINES DE SAN MIGUELITO (37477)",-101.678620721769,21.0920534332194,529
"LAS ARBOLEDAS (37480)",-101.66581739036,21.1025049178677,530
"LEON MODERNO (37480)",-101.666993064179,21.108316743423,531
"MIGUEL HIDALGO (37480)",-101.671087065016,21.1050637364024,532
"PRADOS VERDES (37480)",-101.671760794825,21.102492514418,533
"SAN NICOLAS (37480)",-101.67599702794,21.1066570760632,534
"SUR PRADOS VERDES (37480)",-101.671512792381,21.1009910602892,535
"EL PAISAJE (37480)",-101.665122671274,21.0997164988174,536
"FRACC PUERTA SAN RAFAEL (37480)",-101.668541622098,21.0999890428601,537
"FRACCIONES DE HACIENDA LA POMPA (37490)",-101.695211560565,21.0814624547286,538
"LOS PINOS (37490)",-101.689874899007,21.088366993442,539
"PARQUE ECOLOGICO SANTA LUCIA (37490)",-101.701614776701,21.0612959429534,540
"PARQUE IND ECOLOGICO DE LEON (PIEL) (37490)",-101.716688181314,21.080128005603,541
"PRADERA DEL SOL (37490)",-101.691064966475,21.0915971936556,542
"CENTRAL DE ABASTOS (37490)",-101.687488882506,21.0743517194563,543
"CIUDAD INDUSTRIAL (37490)",-101.681817300828,21.0701425685248,544
"EJIDO POMPA (37499)",-101.686791626432,21.0868315692216,545
"INDUSTRIAL LA POMPA (37499)",-101.682898366866,21.088611601844,546
"FRACCION DEL COECILLO (37500)",-101.669596730105,21.1201096649291,547
"LA MARTINICA (37500)",-101.660314222923,21.1135318139421,548
"EL MIRADOR ORIENTAL (37500)",-101.652529836083,21.111482007189,549
"EL TLACUACHE PONIENTE (37500)",-101.661578211066,21.1029411825896,550
"PARQUE MANZANARES (37510)",-101.649533697922,21.1082280235045,551
"SAN ISIDRO (37510)",-101.645763263264,21.098785173497,552
"SAN ISIDRO NORTE (37510)",-101.644490922218,21.1068578416161,553
"VILLAS DE SAN ISIDRO (37510)",-101.646401024688,21.105354001586,554
"VILLAS PRADERA (37510)",-101.648064832526,21.1034517654866,555
"ORIENTAL (37510)",-101.654767867343,21.107798349914,556
"ORIENTAL ANAYA (37510)",-101.651067935037,21.1041302733935,557
"AZTECA (37520)",-101.651331012816,21.0991693602778,558
"SANTA MARIA DEL GRANJENO (37520)",-101.654242898891,21.095159098014,559
"COLINAS DE SAN ISIDRO (37530)",-101.633823557111,21.0951916417809,560
"COLINAS DE SANTA JULIA (37530)",-101.643517601256,21.0872022553799,561
"CONJUNTO HAB JAIME NUNO (37530)",-101.642666045801,21.1043886144431,562
"FRACCIONES DE JEREZ (37530)",-101.642771122589,21.0918371219856,563
"JARDINES DE JEREZ (37530)",-101.637326420978,21.0989774971139,564
"JARDINES DE JEREZ II Y III (37530)",-101.64762488598,21.089011575324,565
"JARDINES DE SANTA JULIA (37530)",-101.646065207943,21.0816653435808,566
"RES DEL PARQUE (37530)",-101.638045450537,21.1016767232023,567
"SAN ISIDRO DE JEREZ (37530)",-101.649397423652,21.0831887483621,568
"SUR LOMA HERMOSA (37530)",-101.641335932307,21.0838399357645,569
"VILLAS DE SANTA JULIA (37530)",-101.641603756708,21.080836589537,570
"VILLAS DE SANTA JULIA ORIENTE (37530)",-101.63832351282,21.0794012085989,571
"VILLAS MARIANA (37530)",-101.645354838855,21.0845584077444,572
"CERRITO DE JEREZ (37530)",-101.632785384238,21.0876771882517,573
"CERRITO DE JEREZ NORTE (37530)",-101.633806557227,21.0922265230357,574
"PARQUES DE LA PRADERA (37536)",-101.651967347015,21.0887298492032,575
"PARQUES DEL SUR (37536)",-101.651822235108,21.0812635147994,576
"PARQUES DEL SUR 5TA SECC (37536)",-101.647357951908,21.0784534472688,577
"RINCONADA DEL SUR (37536)",-101.653179144802,21.0910856134104,578
"BOSQUES DEL SUR 2DA SECC (37536)",-101.656095361112,21.0848006725131,579
"JARDINES DE LA PRADERA (37536)",-101.65132030189,21.0898717327943,580
"JARDIN DELTA (37538)",-101.63261410116,21.0812086156851,581
"JESUS MARIA (37538)",-101.635973238974,21.0690918294245,582
"LA ESPERANZA DE JEREZ (37538)",-101.637167829132,21.0695939056343,583
"LA RAZA (37538)",-101.637972444473,21.0853206821038,584
"LOMA HERMOSA (37538)",-101.639438728814,21.0850429228926,585
"LOMAS DE JEREZ (37538)",-101.637659774479,21.0828748732768,586
"PEDREGAL DE JEREZ (37538)",-101.631094427666,21.0826865651329,587
"REAL DE JEREZ (37538)",-101.631588851544,21.0794658905385,588
"TORRE MOLINOS (37538)",-101.635955407216,21.0782809483072,589
"VALLE DE JEREZ (37538)",-101.63434026619,21.0797223969711,590
"VALLE DE JEREZ 3RA SECC (37538)",-101.635796827062,21.074041304063,591
"VALLE DELTA (37538)",-101.629034763444,21.081964166713,592
"CAMPESTRE DE JEREZ (37538)",-101.634101547448,21.0723084912439,593
"CAÑADA DE JEREZ (37538)",-101.634004721041,21.0825339250007,594
"LADERA DE JEREZ (37539)",-101.632638618477,21.0835217664164,595
"BALCONES DE JEREZ (37539)",-101.63498157454,21.0839694399377,596
"CAMPESTRE NUEVO JEREZ (37539)",-101.631275964814,21.0844324792756,597
"NUEVA SAN CARLOS (37547)",-101.594418762516,21.0481559260552,598
"PONIENTE DE AUTOPISTA (37547)",-101.598899196641,21.0563984949946,599
"RES SAN JOSE (37547)",-101.591852507487,21.0652619945454,600
"SANTA GERTRUDIS (37547)",-101.602721969144,21.0652150274516,601
"VALLE DE LA HACIENDA (37547)",-101.599003695164,21.0699824999924,602
"EL ALAMO (37547)",-101.588695339418,21.0578230346054,603
"EL TREBOL (37547)",-101.592580832439,21.0597962847708,604
"HACIENDA LA HUARACHA (37548)",-101.606746157409,21.0459076470203,605
"LAS TORRES (37548)",-101.619670640987,21.0663723829791,606
"LIBERTAD (37548)",-101.62186148482,21.0615451846626,607
"POPULAR GUADALAJARA (37548)",-101.616612989198,21.0642346737912,608
"REFUGIO DE SAN JOSE (37548)",-101.616451837882,21.0589051123811,609
"REFUGIO DE SAN JOSE NORTE (37548)",-101.61504247523,21.0621312791353,610
"RES CAMELINAS (37548)",-101.607116972171,21.071196850954,611
"ARBOLEDA DEL REFUGIO (37548)",-101.617726159235,21.0628480657857,612
"FRACC NUEVO MILENIO (37548)",-101.608899680276,21.0675188666025,613
"FRACC REAL DELTA (37549)",-101.63135920966,21.0771684563592,614
"FRACCIONES DE SAN JUAN BAUTISTA I (37549)",-101.625675594153,21.072930057676,615
"INDUSTRIAL DELTA SUR (37549)",-101.625538885511,21.0790005498355,616
"LA GLORIA (37549)",-101.628690872586,21.07213208203,617
"MARIA DE LA LUZ (37549)",-101.627882070001,21.0739507917957,618
"POPULAR POLANCO (37549)",-101.628728300571,21.0743451616,619
"UNION OBRERA (37549)",-101.632181330304,21.0668425755245,620
"VALLE DE JEREZ POPULAR POLANCO (37549)",-101.630054409383,21.078544768926,621
"VALLE DE SAN JOSE (37549)",-101.632834183251,21.0713772675469,622
"XOCONOSTLE (37549)",-101.624606253476,21.0735590525083,623
"10 DE MAYO (37549)",-101.627889399476,21.0685129106424,624
"ARBOLEDAS DE SAN HILARION (37549)",-101.626902907943,21.0733332453331,625
"DELTA 2000 (37549)",-101.627361350846,21.0762067951076,626
"MARIA DOLORES (37550)",-101.661277249346,21.094820579706,627
"EL GRANJENO (37550)",-101.658353841157,21.0895124977037,628
"FRACCION DEL GRANJENO (37550)",-101.663261633118,21.0922560091076,629
"BOSQUES DE LA PRADERA (37555)",-101.661356944567,21.083664873735,630
"SAN JOSE DE CEMENTOS (37555)",-101.665410659374,21.0863902781888,631
"SANTO DOMINGO 1RA SECC (37557)",-101.667113167738,21.08882188762,632
"SANTO DOMINGO 2DA SECC (37557)",-101.666319264223,21.0921367482124,633
"VALLE DEL SUR (37557)",-101.667827201564,21.0943146148277,634
"RIVERA DEL RIO (37557)",-101.670989697217,21.0895265496106,635
"SANTA MARIA DE CEMENTOS NORTE (37557)",-101.671406223618,21.0881310275249,636
"SUR CEMENTOS (37560)",-101.679293581034,21.0813795183502,637
"CEMENTOS (37560)",-101.67344473039,21.0857215081411,638
"SANTA MARIA DE CEMENTOS (37560)",-101.667504780221,21.0806910630422,639
"FRACC SANTA ANA AC (37564)",-101.676692156218,21.0589117601696,640
"FRACCIONES DE LOS ARCOS (37564)",-101.679641929831,21.0645224802283,641
"MAGURO AC (37564)",-101.67539844818,21.0651768404389,642
"CONDOMINIO INDUSTRIAL LEON (37564)",-101.682559057155,21.0598062825339,643
"FIDEICOMISO CIUDAD INDUSTRIAL (37564)",-101.684855218793,21.0546257360889,644
"EL GUAJITO (37570)",-101.659282650174,21.0809005142474,645
"JESUS DE NAZARET (37570)",-101.655369466128,21.0792511072528,646
"LA MOREÑA (37570)",-101.645075039082,21.0763377004246,647
"LA MOREÑA II (37570)",-101.646051163231,21.074925442855,648
"NORIA DE SEPTIEM (37570)",-101.652301419974,21.0658128364933,649
"PARQUE LA NORIA (37570)",-101.63950805845,21.0734167320966,650
"PARQUES DEL SUR III (37570)",-101.652851099998,21.0785363206947,651
"SUR LA MORENA (37570)",-101.647552074169,21.0754190384579,652
"VILLAS DE LEON (37570)",-101.642710586524,21.0749025892831,653
"BOSQUES REALES (37570)",-101.657366093271,21.0812466084442,654
"EL GRANJENO PLUS (37570)",-101.650002386801,21.077554131518,655
"BUENOS AIRES (37479)",-101.670829243775,21.0970079755377,656
"EL VENADITO (37650)",-101.402348961335,21.1825636887633,657
"NUEVO VALLE DE MORENO (37650)",-101.422172475279,21.2099531846918,658
"VAQUERIAS (37650)",-101.395691587796,21.1545734681911,659
"EL DERRAMADERO (37650)",-101.414956481556,21.1673153938904,660
"EL LABERINTO (37650)",-101.424325009791,21.2155813749805,661
"LAGUNILLAS (37663)",-101.763741199996,21.2030328224069,662
"ARBOLEDAS DE LOS LOPEZ II (37680)",-101.58024297933,21.0503017282422,663
"BARRETOS (37680)",-101.642555940904,20.9391246950487,664
"BENITO JUAREZ (SANTA ANA DEL CONDE) (37680)",-101.573938593291,20.9576370145367,665
"CAMPESTRE LOMAS DEL SUR (37680)",-101.55400293119,20.9494716838711,666
"CAMPESTRE SAN JOSE (37680)",-101.558385631492,21.0416826779133,667
"CAPELLANIA DE LOERA (37680)",-101.594290279073,21.0381446685417,668
"EJIDO MIGUEL HIDALGO (37680)",-101.578728941887,20.9524526441742,669
"EL CANALIZO (37680)",-101.540763967283,21.0608319233546,670
"EL TERRERO (37680)",-101.606205502982,20.9605876811766,671
"FRACCIONES DE ALBARRADONES (37680)",-101.504049196913,21.0383626929839,672
"FRACCIONES DE LOS SAUCES DE ABAJO (37680)",-101.565212159414,21.0341615181396,673
"FRACCIONES DE LOZA DE LOS PADRES (37680)",-101.541878097796,21.0506249239012,674
"GRANJAS ECONOMICAS LOS SAUCES (37680)",-101.557087786572,21.0357037124564,675
"GRANJAS LAS PALOMAS (37680)",-101.545831499524,21.0277104859502,676
"GRANJAS LOS SAUCES (37680)",-101.549716090525,21.0298405553974,677
"GUADALUPE VICTORIA (37680)",-101.58386519852,21.0244837391333,678
"LA CINTA (37680)",-101.673073895844,20.9306474543166,679
"LA TRILLA (37680)",-101.548873550774,21.0254183775562,680
"LOMAS DE LOS SAUCES (37680)",-101.556761821001,21.0290063316769,681
"LOS LOPEZ (37680)",-101.571994753655,21.0435180278348,682
"LOS RAMIREZ (37680)",-101.643362725409,21.0205370634348,683
"LOS SAUCES (37680)",-101.541516975028,21.0241237198339,684
"LOZA DE LOS PADRES (LA LOZA) (37680)",-101.545911135391,21.0679437593971,685
"MONTEBELLO (37680)",-101.564684434539,21.0418932946399,686
"PLAN GUANAJUATO (LA SANDIA) (37680)",-101.69718518215,20.9215875913943,687
"S AGUSTIN DEL MIRASOL (S FCO DURAN) (37680)",-101.620648194159,21.006012954834,688
"SAN ISIDRO DE LOS SAUCES (37680)",-101.536459656388,21.0209585235171,689
"SUR DE LOS LOPEZ (37680)",-101.582304106749,21.0437398824897,690
"ALVARO OBREGON (STA ANA DEL CONDE) (37680)",-101.579661178221,20.9582830820986,691
"ARBOLEDAS DE LOS LOPEZ I (37680)",-101.581161161958,21.0426822860587,692
"CONJUNTO HAB BELEN (37268)",-101.655835642301,21.1276586821025,693
"KILLIAN II (37268)",-101.656400998407,21.1262777263361,694
"JARDINES DE SAN PEDRO (37288)",-101.632111889152,21.1109105752629,695
"LA PECHUGA (37288)",-101.626490406907,21.1132765764529,696
"TECNOLOGICO DE LEON NORTE (37288)",-101.626644462572,21.1116989002841,697
"TERRANOVA (37288)",-101.633677585452,21.1094931690745,698
"VILLA VERDE (37288)",-101.633299116561,21.1100295760042,699
"CONJUNTO HAB VERSALLES (37288)",-101.631212851292,21.113341662188,700
"EYUPOL (37288)",-101.629451499387,21.1131041116655,701
"CHULA VISTA (PROVIVIENDA OBRERA) (37427)",-101.710490212953,21.1190310063759,702
"CONJ HAB MIGUEL DE CERVANTES (37427)",-101.708050589663,21.1189035859318,703
"LATINOAMERICANA (37660)",-101.706178315377,21.0299596364281,704
"RUSTICO SAN PEDRO (37660)",-101.70715236389,21.033235838763,705
"SAN ISIDRO DE LAS COLONIAS (37660)",-101.72110707753,21.036062366585,706
"SAN JOSE DE LOS SAPOS (37660)",-101.746554193421,21.022965170906,707
"SAN PEDRO DEL MONTE (LA HUIZACHERA) (37660)",-101.713731991938,21.0333859113308,708
"VALLE VERDE (37660)",-101.708528160246,21.034764420042,709
"ESTANCIA DE LOS SAPOS (37660)",-101.769960083891,21.0231281811207,710
"LA ESMERALDA (37660)",-101.70327546569,21.0313595319169,711
"PLAN DE AYALA (SANTA ROSA) (37666)",-101.718779362278,21.0726600281378,712
"PUERTA DE SAN GERMAN (MORELOS) (37668)",-101.779571936296,21.0324081504158,713
"PUERTA DEL CERRO (37668)",-101.787275635962,21.0498315159118,714
"SAN ROQUE DE MONTES (LA PRESA) (37668)",-101.782546484433,21.0303944847178,715
"EL RAMILLETE (37668)",-101.768562190293,21.0417543781621,716
"MALAGANA (SAN ANTONIO DEL MONTE) (37668)",-101.753653854442,21.0458093834963,717
"COSTAS DEL ROCIO (37670)",-101.585479516666,21.1209591528427,718
"DUARTE (37670)",-101.526033833894,21.0833671378832,719
"FRACC DE LA HACIENDA (37670)",-101.549663257154,21.094230638833,720
"FRACC LOS REYES (37670)",-101.591442600096,21.1097370328379,721
"FRACC SAN NICOLAS DE LOS GONZALEZ (37670)",-101.591621703679,21.1146073734316,722
"FRACCIONES DE DUARTE (37670)",-101.519773621655,21.0678717084127,723
"FRACCIONES DE LA LABORCITA (37670)",-101.553356697254,21.0905462117383,724
"FRACCIONES SAN JUAN DE OTATES SUR (37670)",-101.577102746395,21.0955761091502,725
"LA LABORCITA (37670)",-101.550136623406,21.1063731052347,726
"LA TINAJA (37670)",-101.59340619424,21.1116080831466,727
"LADRILLERAS DEL REFUGIO (37670)",-101.552402010245,21.0881082000334,728
"LAS COLORADAS (37670)",-101.502381118194,21.0963357404021,729
"LAS MARGARITAS (DUARTE) (37670)",-101.530868275351,21.0844827486799,730
"LUCIO BLANCO (LOS GAVILANES) (37670)",-101.553101442677,21.1139432681674,731
"S NICOLAS DE LOS GLEZ (HDA ARRIBA) (37670)",-101.584260556679,21.1182468407192,732
"SAN JUAN DE OTATES (37670)",-101.557850177843,21.1147851118435,733
"VILLAS DEL CAMPO (37670)",-101.594874265535,21.1100662656457,734
"CAMPESTRE EL SOL (37670)",-101.555803048372,21.0930276121346,735
"CAMPESTRE PRIMAVERA (37670)",-101.499682348062,21.0759069476476,736
"SAN ANTONIO DE LOS TEPETATES (37684)",-101.677259933299,21.0445186279324,737
"SAN JUAN DE ABAJO (37684)",-101.626551951112,21.0535418165017,738
"LOS ARCOS (37684)",-101.686039050362,21.0493098920379,739
"PROVIDENCIA I (37684)",-101.655421379493,21.0568401376623,740
"LA ARCINA (37688)",-101.614026982359,20.9443928957156,741
"LA ESTANCIA DE LA SANDIA (37689)",-101.678668162805,20.9003998508725,742
"CLUB CAMPESTRE (37120)",-101.701424985575,21.1647487017912,743
"CONJUNTO HAB TORRES DEL COUNTRY (37120)",-101.697474863674,21.1677865181334,744
"BOSQUES DE LEON (37120)",-101.695768081732,21.1615983056174,745
"CASA DE PIEDRA (37120)",-101.699705294764,21.1594555485348,746
"VISTA ESMERALDA (34357)",-101.748172239257,21.1530878277411,747
"RIVERA DE LA PRESA COUNTRY (37104)",-101.676882909619,21.178265965402,748
"LOMAS DE LA PRESA 2DA SECC (37105)",-101.678092774762,21.1897608875549,749
"SANTA CECILIA (37105)",-101.672152174383,21.1874284184868,750
"SANTA CECILIA II (37105)",-101.674208170271,21.1902053765769,751
"SANTA CECILIA ORIENTE (37105)",-101.668482693122,21.1866368352218,752
"SOLIDARIDAD LEONESA (PEDREGAL) (37105)",-101.674908580267,21.1884672955293,753
"FANEGA DE LA NOPALERA (37105)",-101.672381250594,21.1899214516138,754
"LOMAS DE LA PRESA (37105)",-101.676442469344,21.1885135440648,755
"LA LAGUNITA (37106)",-101.669629264879,21.1927759366602,756
"BALCONES TULIPANES (37109)",-101.678676468045,21.2028035780228,757
"EL PARADOR (37109)",-101.67862268409,21.2046558369973,758
"EL POCHOTE (37109)",-101.680320677857,21.1962899359319,759
"EL POTRERO (37109)",-101.679569561386,21.1984379243708,760
"LA NORIA (37109)",-101.683176546061,21.2064062765285,761
"LA NORIA NORTE (37109)",-101.680763456368,21.2089586846956,762
"LA PRADERA (37109)",-101.678010529962,21.2025377905866,763
"LAS TIRITAS I Y II (37109)",-101.677837384388,21.1983846952975,764
"LOS COLORINES (37109)",-101.680036288844,21.2030308663814,765
"NORTEÑA (37109)",-101.679748932068,21.2004403395501,766
"POPULAR MAYA (37109)",-101.681637297024,21.1965000841116,767
"RUSTICO NORTEÑA (37109)",-101.680814494693,21.1998178701986,768
"ALAMEDA DE LA PRESA (37109)",-101.677036268309,21.1931632926519,769
"ARBOLEDAS DE LOS CASTILLOS I (37109)",-101.680323704076,21.2059460223911,770
"EL CAMPANARIO (37125)",-101.684397489053,21.1575177352553,771
"EL ROSARIO (37125)",-101.682017485419,21.1559389268401,772
"FRACCIONES DEL ROSARIO (37125)",-101.686342379997,21.1671927353565,773
"LA HERRADURA (EL ROSARIO) (37125)",-101.682428025033,21.1589588169958,774
"LAGOS DEL CAMPESTRE (37125)",-101.685731235808,21.1635652290522,775
"LAS QUINTAS (37125)",-101.690356805222,21.1598051977517,776
"PREDIOS HISPANO (37125)",-101.688670901041,21.1615565716785,777
"RANCHO LA FLORIDA (37125)",-101.689146167562,21.1674241426101,778
"RES DEL MORAL I (37125)",-101.686208677788,21.1559440952439,779
"RES DEL MORAL II (37125)",-101.690287255253,21.1577535401938,780
"BOSQUES DEL CAMPESTRE (37125)",-101.686135204076,21.1622074775931,781
"CONJUNTO HAB MARFIL (37125)",-101.684305066625,21.1602286237521,782
"INDUSTRIAL HIDALGO (37147)",-101.672759622359,21.1483963811881,783
"EL MIRADOR CAMPESTRE (37156)",-101.714274242662,21.1483821296316,784
"EL REFUGIO CAMPESTRE (37156)",-101.717716797992,21.1495379994792,785
"PANORAMA (37160)",-101.699823173401,21.1494073864418,786
"VILLAS DEL MORAL (37160)",-101.689982287952,21.1506109302503,787
"CONJUNTO HAB DEL ROCIO (37160)",-101.686032548263,21.1462129046019,788
"JARDINES DEL MORAL (37160)",-101.690991181598,21.1460582382971,789
"PRIV DEL MORAL (37187)",-101.689613977803,21.1552558404847,790
"LOS MURALES II (37219)",-101.648961920656,21.1690927932978,791
"MANANTIALES (37219)",-101.641245740199,21.1648929971142,792
"MISION DEL NORTE (37219)",-101.64457071097,21.1633826280059,793
"CONJUNTO HAB COECILLO (37219)",-101.644390732346,21.1648152300389,794
"LOS MURALES (37219)",-101.64701794792,21.1657638196446,795
"VILLA INSURGENTES (37220)",-101.664301203538,21.1469285059458,796
"EL RETIRO (37220)",-101.672269969384,21.1392712445723,797
"FRACC HIDALGO (37220)",-101.669815351697,21.1432244727313,798
"CENTRO BODEGUERO LAS TROJES (37227)",-101.662234235921,21.1433606534714,799
"LAS TROJES (37227)",-101.664707623358,21.1377787881606,800
"INDUSTRIAL LAS CRUCES (37290)",-101.622580471212,21.1074309948446,801
"INDUSTRIAL SANTA JULIA (37290)",-101.62413030437,21.0940955885407,802
"LA CAMPIÑA (37290)",-101.617618383581,21.1003556011302,803
"POLIGONO INDUSTRIAL JEREZ (37290)",-101.622744753068,21.1009462236893,804
"PRADERAS DE AGUA AZUL (37290)",-101.614830130906,21.1000628888913,805
"SAN JOSE DE LOS TANQUES (37290)",-101.616288250302,21.1010409007171,806
"FRACCIONES DE SANTA JULIA (37290)",-101.621204871807,21.0974968793776,807
"INDUSTRIAL JULIAN DE OBREGON (37290)",-101.628649128754,21.1039284043724,808
"VILLAS DE SAN JUAN 2DA SECC (37294)",-101.587353979902,21.1008371961797,809
"VILLAS DE SAN JUAN SECC BRISAS (37294)",-101.585923564121,21.0947179193965,810
"PARAISO REAL (37294)",-101.582480735398,21.112368980644,811
"VILLAS DE NUESTRA SEÑORA DE LA LUZ (37294)",-101.580046400121,21.0961850464028,812
"EL CID (37295)",-101.609262248254,21.0886033406717,813
"FRACC LAS FLORES (37295)",-101.613149703596,21.0997441116015,814
"FRACC LAS VILLAS (37295)",-101.607814332565,21.0973584611241,815
"FRACCIONES DE EL ALTO (37295)",-101.600577453886,21.0838774635741,816
"FRACCIONES SANGRE DE CRISTO (37295)",-101.614128573375,21.0906204273909,817
"HACIENDAS DE LEON (37295)",-101.604954890456,21.089878129672,818
"LOMA VERDE (37295)",-101.610120723992,21.0927526039496,819
"PASEO DEL MOLINO (37295)",-101.60662278931,21.1007552013915,820
"SAN FRANCISCO (37295)",-101.604816045024,21.0947717087474,821
"SANGRE DE CRISTO (37295)",-101.606072174891,21.09581302655,822
"VILLA OLIMPICA (37295)",-101.61043385264,21.09844254169,823
"VILLAS DE SAN JUAN 1RA SECC (37295)",-101.593286802944,21.0922606136365,824
"AMPL SAN FRANCISCO (37295)",-101.599939018871,21.0962420805076,825
"BOSQUES MISAEL NUÑEZ (37295)",-101.606258411896,21.097266290507,826
"CAMINO REAL DE LOS RIZOS (37357)",-101.749761518479,21.1480371362049,827
"CRUZ DE LA SOLEDAD (37357)",-101.76219676367,21.1430758597631,828
"EL CASERIO (37357)",-101.762957872508,21.1445739072601,829
"FRACC LA PIEDAD (37357)",-101.745486447242,21.1395358853729,830
"FRACC SOLEDAD (37357)",-101.752705709101,21.1394239899253,831
"LA FRAGUA (37357)",-101.752334843079,21.1446475401519,832
"LOMAS S JOSE LAS JOYAS (SIGLO XXI) (37357)",-101.753748709535,21.1524530781471,833
"MONTAÑA DEL SOL DE LA JOYA (37357)",-101.763301480979,21.1402664019729,834
"MONTAÑAS DEL SOL (37357)",-101.759046730822,21.1393247506368,835
"REAL DE LA JOYA (37357)",-101.758714615687,21.1524219400206,836
"RIZOS DEL SAUCILLO I (37357)",-101.758579270417,21.1473576381445,837
"RIZOS DEL SAUCILLO II (37357)",-101.763348693587,21.1496949887328,838
"RIZOS DEL SAUCILLO III (37357)",-101.764466420489,21.1471949399946,839
"SAUCILLO DE LA JOYA (IRREGULAR) (37357)",-101.76206373955,21.151368753865,840
"SINARQUISTA (37357)",-101.748445866983,21.1438353534189,841
"VALLE DE LAS JOYAS (37357)",-101.76086149796,21.1424984014801,842
"VILLAS DE LA JOYA (37357)",-101.75705348513,21.1546515860019,843
"AMPL SOLEDAD (37357)",-101.758826824998,21.1405696785479,844
"CAMINO A SAN JUAN (37357)",-101.756278491659,21.143517832482,845
"COLINAS DE LA FRAGUA (37358)",-101.739065559428,21.1534692572005,846
"COLINAS DE LA FRAGUA PLUS (37358)",-101.74090908059,21.154722842885,847
"BALCONES DE LA FRAGUA (37358)",-101.739107877926,21.1566385022651,848
"PASEOS DE LA FRAGUA (37358)",-101.744963129045,21.1554310607949,849
"SAN RAFAEL (37380)",-101.688480296928,21.1074406661539,850
"GUADALUPE (37380)",-101.69050108076,21.1103674243172,851
"INDEPENDENCIA (37380)",-101.687853677205,21.1095311024785,852
"LAS MANDARINAS (37419)",-101.713057655087,21.1089691170312,853
"LOMA REAL (37419)",-101.716370123482,21.1132055300113,854
"GRANJAS LAS AMALIAS (37438)",-101.725165916674,21.0942262213631,855
"INDUSTRIAL GENESIS (37438)",-101.735220386612,21.0865725437879,856
"INDUSTRIAL PAMPLONA (37438)",-101.722991883868,21.0915458783397,857
"INDUSTRIAL SAN JORGE (37438)",-101.722275656596,21.094605566194,858
"LAS AMALIAS (37438)",-101.728922300324,21.0982462340765,859
"MORELOS (EL GUAJE) (37438)",-101.72088099696,21.0951713269952,860
"ARROYO HONDO (37438)",-101.72790748824,21.0865757399785,861
"FRACCIONES DEL GUAJE (37438)",-101.72694046613,21.0981954538572,862
"INDUSTRIAL SANTA CROCCE (37439)",-101.721216779531,21.0975068933285,863
"INDUSTRIAL SAN CRISPIN (37443)",-101.714378091875,21.0969879179581,864
"INDUSTRIAL LA TRINIDAD (37455)",-101.70746749353,21.0963388916266,865
"INDUSTRIAL JUAREZ (37457)",-101.692392693168,21.0993728642663,866
"LAS MARGARITAS SUR (37468)",-101.681800996119,21.0945336438127,867
"ARCOIRIS (37468)",-101.679870653508,21.0984676732446,868
"JARDINES DE SAN MIGUEL (37468)",-101.681162637546,21.0988730444555,869
"LOURDES (37470)",-101.67393868752,21.0932455133698,870
"SAN MIGUEL INFONAVIT (37470)",-101.677279016913,21.0990134313249,871
"SANTA CLARA (37470)",-101.673642406772,21.0981599657099,872
"LA ESCONDIDA (37470)",-101.671507526851,21.0931791128259,873
"LA FLORESTA (37470)",-101.677426537205,21.095997637581,874
"PASEOS DEL MAUREL (37478)",-101.676827210108,21.0940256077956,875
"EL TLACUACHE ORIENTE (37526)",-101.658289806729,21.1007195486683,876
"EL MAGUEY (37545)",-101.615738411099,21.0852677264245,877
"FRACCIONES DE SAN JUAN BAUTISTA (37545)",-101.616858439365,21.0722773243391,878
"INDUSTRIAL DELTA (37545)",-101.622851188731,21.0857364593701,879
"LA ESTANCIA (37545)",-101.622927777695,21.0757377797748,880
"MEZQUITAL 2000 (37545)",-101.626873048652,21.0823363196654,881
"MEZQUITAL DE JEREZ (37545)",-101.62604004801,21.0902615421365,882
"SAN JOSE EL ALTO (37545)",-101.609237041156,21.0769901324887,883
"SAN JUAN BAUTISTA (37545)",-101.617841894788,21.0725608976674,884
"VALLE DE LAS HACIENDAS (37545)",-101.613943474012,21.0729360525568,885
"VALLE DE SAN NICOLAS (37545)",-101.618192973027,21.0742788833638,886
"VALLE DEL MAGUEY (37545)",-101.62253270552,21.0787706543423,887
"VALLE DEL REAL (37545)",-101.618697865914,21.0774594823692,888
"VALLE DORADO (37545)",-101.619251420217,21.0802730194843,889
"ARBOLEDAS DE SAN JOSE (37545)",-101.610289660739,21.0759220697478,890
"DELTA DE JEREZ (37545)",-101.628343117341,21.087501475113,891
"LOMAS DE COMANJILLA (37675)",-101.531298776317,21.037637929347,892
"LOS CIPRESES (37675)",-101.54247853016,21.0289387997858,893
"LOS JACALES (37675)",-101.550383900996,21.0383853514029,894
"VALLE DE ARANZAZU (37675)",-101.543518003453,21.0321656518234,895
"EL SAUZ DE ARRIBA (37675)",-101.546938752921,21.033278991832,896
"FRACCIONES DE LOS SAUCES DE ARRIBA (37675)",-101.539766616436,21.0319182231476,897
"CORTIJO DE LA GLORIA (37433)",-101.769247508765,21.0880634030037,898
"EL INFIERNITO (37433)",-101.755107684972,21.0966805350787,899
"EL RECUERDO (37433)",-101.760948619783,21.0921610640819,900
"FRACCIONES CORRAL DE PIEDRA (37433)",-101.743063933554,21.0942353305961,901
"PERIODISTAS MEX (JACINTO LOPEZ) (37433)",-101.752414788312,21.0892594275805,902
"VALLE DE LOS MILAGROS (37433)",-101.765211586146,21.0937483450102,903
"ART 4 (37433)",-101.75894238878,21.0945104071296,904
"CORRAL DE PIEDRA (37433)",-101.748718848996,21.0904107657443,905
"SAN JOSE DE LOS MONTES (37654)",-101.67611108356,21.0575563676323,906
"LAS CANELAS (37655)",-101.455819125752,21.2188967059183,907
"SAN JOSE DE LA CONCEPCION (37665)",-101.70501329223,21.2308451660716,908
"INDUSTRIAL CAMPO VERDE (37667)",-101.744354978699,21.0829391649106,909
"LA MORA (37667)",-101.763344613363,21.0671302875328,910
"LA RESERVA (37667)",-101.746502181131,21.0794557920512,911
"LA RESERVA ORIENTE (37667)",-101.739851945511,21.0840757272131,912
"LA VENTA (37667)",-101.78048107714,21.0547746314442,913
"LA MORA ALTA (37667)",-101.778012910268,21.0741965135583,914
"EL NACIMIENTO (37667)",-101.77263707694,21.0589380005883,915
"ESTANCIA DE VAQUEROS (37667)",-101.76041786869,21.0593663782558,916
"SAN JOSE DEL RESPLANDOR (37669)",-101.692243603559,20.9990370531175,917
"SAN JUDAS (37669)",-101.705296700083,20.9995141074901,918
"VALLE NUEVO DEL CONSUELO (37669)",-101.698818807842,21.0104346569339,919
"LA CORREA (37669)",-101.696966162159,21.0218491698034,920
"SAN JOSE DEL CONSUELO (LA ENVIDIA) (37669)",-101.690039858952,21.0136343953112,921
"FRACCIONES DE LOS AGUIRRE (37672)",-101.565632974682,21.0671029877128,922
"FRACCIONES DE SAN CARLOS (37672)",-101.593481202196,21.0802953496507,923
"GRANJAS SAN CARLOS (37672)",-101.580563110099,21.0616235677735,924
"LA HERRADURA (SAN CARLOS) (37672)",-101.579308019849,21.0696088442728,925
"PORTALES DE SAN CARLOS (37672)",-101.588246311518,21.0740155798552,926
"PUERTA SAN CARLOS (37672)",-101.592900677224,21.0795014299471,927
"SAN CARLOS LA RONCHA (37672)",-101.586530789964,21.0764677711708,928
"VALLE DE SAN CARLOS (37672)",-101.572514649032,21.056453302378,929
"ARBOLEDAS DEL CAMPO 3RA SECC (37672)",-101.57614791999,21.0588481106518,930
"EL ENCANTO (37672)",-101.574730810578,21.0839962397347,931
"EL SUSPIRO (37683)",-101.551746918885,21.0264580271163,932
"SAN JOSE DEL CLAVEL (37685)",-101.584803917167,21.0527332198623,933
"SUR SAN CARLOS (37685)",-101.583549359315,21.0588468911711,934
"EL RESPLANDOR (37686)",-101.605844529501,21.0012045838245,935
"NUEVO LINDERO (37687)",-101.637828513375,20.9590043923389,936
"RANCHO NUEVO DE LA LUZ (37687)",-101.646172283024,20.9660827879903,937
"JARDINES DE ORIENTE (37257)",-101.647152170836,21.1272661765928,938
"LA FORESTA (37358)",-101.740549390442,21.1663393704656,939
"CONJUNTO HAB LA PLACITA (37179)",-101.66823385251,21.1694272520661,940
"CONJUNTO HAB SAN CRISTOBAL (37179)",-101.674703174212,21.1633256343706,941
"CONJUNTO HAB TORRES DEL LAGO (37179)",-101.683031882915,21.1626406756267,942
"FINCAS SAYAVEDRA (37179)",-101.674141650117,21.1641624265548,943
"FRACC REAL DEL MEZQUITE (37179)",-101.6767352922,21.1612488884255,944
"FRACCIONES DEL PALOTE (37179)",-101.680981524877,21.162581002911,945
"MISION DE LA PRESA (37179)",-101.671519720758,21.1683451410155,946
"RINCONADA DEL BOSQUE (37179)",-101.675748166645,21.1699109866028,947
"UNIDAD OBRERA INFONAVIT (37179)",-101.669431211681,21.1669066547184,948
"BOSQUES DE LA PRESA (37179)",-101.676033152808,21.1648705563312,949
"CONJUNTO HAB LA ESPERANZA (37179)",-101.672577126533,21.1668934832477,950
"INDEPENDENCIA INFONAVIT (37225)",-101.662795269886,21.148672067462,951
"CONJUNTO LAS GLORIAS (37276)",-101.647467183564,21.1166250770857,952
"LAS HILAMAS (37407)",-101.725804884088,21.1084760304445,953
"LOMAS DE LAS HILAMAS (37407)",-101.721774323226,21.1089693859284,954
